,Name,Id,height,weight,PG,SG,SF,PF,CE,salary,shoots,debut,birth,experience
0,J.J. Barea,bareajo01,178,81,1,2,-1,-1,-1,2564753.0,Right,"November 4, 2006","June 26, 1984",14 years
1,Ryan Broekhoff,broekry01,198,97,-1,2,1,-1,-1,1416852.0,Right,"October 17, 2018","August 23, 1990",2 years
2,Jalen Brunson,brunsja01,185,86,1,2,-1,-1,-1,1416852.0,Left,"October 17, 2018","August 31, 1996",4 years
3,Trey Burke,burketr01,183,83,1,-1,-1,-1,-1,2028594.0,Right,"November 20, 2013","November 12, 1992",9 years
4,Willie Cauley-Stein,caulewi01,213,108,-1,-1,-1,-1,1,2177483.0,Right,"October 28, 2015","August 18, 1993",7 years
5,Antonius Cleveland,clevean01,196,88,-1,1,-1,-1,-1,,Right,"November 17, 2017","February 2, 1994",2 years
6,Seth Curry,curryse01,188,83,2,1,-1,-1,-1,7461380.0,Right,"January 5, 2014","August 23, 1990",8 years
7,Luka Dončić,doncilu01,201,104,1,2,-1,-1,-1,7683360.0,Right,"October 17, 2018","February 28, 1999",4 years
8,Dorian Finney-Smith,finnedo01,201,99,-1,-1,2,1,-1,4000000.0,Right,"October 26, 2016","May 4, 1993",6 years
9,Tim Hardaway Jr.,hardati02,196,92,-1,1,-1,-1,-1,18150000.0,Right,"October 30, 2013","March 16, 1992",9 years
10,Justin Jackson,jacksju01,203,99,-1,-1,1,2,-1,3280920.0,Right,"October 18, 2017","March 28, 1995",5 years
11,Michael Kidd-Gilchrist,kiddgmi01,198,105,-1,-1,1,2,-1,12189237.0,Right,"November 2, 2012","September 26, 1993",8 years
12,Maxi Kleber,klebima01,208,108,-1,-1,-1,1,-1,8000000.0,Right,"October 21, 2017","January 29, 1992",5 years
13,Courtney Lee,leeco01,196,97,-1,1,-1,-1,-1,12759670.0,Right,"November 3, 2008","October 3, 1985",12 years
14,Boban Marjanović,marjabo01,221,131,-1,-1,-1,-1,1,3500000.0,Right,"October 30, 2015","August 15, 1988",7 years
15,Kristaps Porziņģis,porzikr01,221,108,-1,-1,-1,1,2,27285000.0,Right,"October 28, 2015","August 2, 1995",6 years
16,Dwight Powell,poweldw01,208,108,-1,-1,-1,2,1,10259375.0,Right,"November 14, 2014","July 20, 1991",8 years
17,Josh Reaves,reavejo02,193,97,-1,-1,1,-1,-1,,Left,"January 2, 2020","June 4, 1997",1 year
18,Delon Wright,wrighde01,196,83,1,2,-1,-1,-1,9473684.0,Right,"November 1, 2015","April 26, 1992",7 years
19,Giannis Antetokounmpo,antetgi01,211,109,3,4,2,1,-1,25842697.0,Right,"October 30, 2013","December 6, 1994",9 years
20,Thanasis Antetokounmpo,antetth01,198,99,-1,-1,1,-1,-1,1445697.0,Right,"January 29, 2016","July 18, 1992",4 years
21,Dragan Bender,bendedr01,213,102,-1,-1,-1,1,2,1678854.0,Right,"October 26, 2016","November 17, 1997",4 years
22,Eric Bledsoe,bledser01,185,97,1,2,-1,-1,-1,15625000.0,Right,"October 27, 2010","December 9, 1989",12 years
23,Sterling Brown,brownst02,196,99,-1,1,2,-1,-1,1618520.0,Right,"October 20, 2017","February 10, 1995",5 years
24,Pat Connaughton,connapa01,196,94,-1,1,2,-1,-1,1723050.0,Right,"October 30, 2015","January 6, 1993",7 years
25,Donte DiVincenzo,divindo01,193,92,-1,1,-1,-1,-1,2905800.0,Right,"October 17, 2018","January 31, 1997",4 years
26,George Hill,hillge01,193,85,1,-1,-1,-1,-1,10133907.0,Right,"November 4, 2008","May 4, 1986",14 years
27,Ersan İlyasova,ilyaser01,206,106,-1,-1,-1,1,-1,7000000.0,Right,"November 1, 2006","May 15, 1987",13 years
28,Kyle Korver,korveky01,201,96,-1,1,2,3,-1,3440000.0,Right,"October 28, 2003","March 17, 1981",17 years
29,Brook Lopez,lopezbr01,213,127,-1,-1,-1,-1,1,12093024.0,Right,"October 29, 2008","April 1, 1988",14 years
30,Robin Lopez,lopezro01,213,127,-1,-1,-1,-1,1,4767000.0,Right,"October 29, 2008","April 1, 1988",14 years
31,Frank Mason III,masonfr01,180,86,1,-1,-1,-1,-1,,Right,"October 21, 2017","April 3, 1994",4 years
32,Wesley Matthews,matthwe02,193,99,-1,1,2,-1,-1,2564753.0,Right,"October 28, 2009","October 14, 1986",13 years
33,Khris Middleton,middlkh01,201,100,-1,2,1,-1,-1,30603448.0,Right,"November 10, 2012","August 12, 1991",10 years
34,Marvin Williams,willima02,203,107,-1,-1,2,1,-1,14049901.0,Right,"November 2, 2005","June 19, 1986",15 years
35,D.J. Wilson,wilsodj01,208,104,-1,-1,-1,1,-1,2961120.0,Right,"October 20, 2017","February 19, 1996",5 years
36,Jaylen Adams,adamsja01,183,102,1,-1,-1,-1,-1,163356.0,Right,"October 17, 2018","May 4, 1996",3 years
37,Carmelo Anthony,anthoca01,201,107,-1,-1,1,2,-1,2159029.0,Right,"October 29, 2003","May 29, 1984",19 years
38,Trevor Ariza,arizatr01,203,97,-1,2,1,-1,-1,12200000.0,Right,"November 3, 2004","June 30, 1985",18 years
39,Kent Bazemore,bazemke01,193,88,-1,2,1,-1,-1,19269662.0,Left,"November 9, 2012","July 1, 1989",10 years
40,Moses Brown,brownmo01,218,111,-1,-1,-1,-1,1,,Right,"November 10, 2019","October 13, 1999",3 years
41,Zach Collins,colliza01,211,113,-1,-1,-1,2,1,4240200.0,Right,"October 20, 2017","November 19, 1997",4 years
42,Wenyen Gabriel,gabriwe01,206,92,-1,-1,-1,1,-1,1445697.0,Right,"October 23, 2019","March 26, 1997",3 years
43,Mario Hezonja,hezonma01,203,99,-1,-1,1,2,-1,1737145.0,Right,"October 28, 2015","February 25, 1995",5 years
44,Jaylen Hoard,hoardja01,203,97,-1,-1,1,2,-1,,Right,"November 10, 2019","March 30, 1999",3 years
45,Rodney Hood,hoodro01,203,94,-1,1,2,3,-1,5718000.0,Left,"October 29, 2014","October 20, 1992",8 years
46,Skal Labissière,labissk01,208,106,-1,-1,-1,1,2,2338847.0,Right,"November 5, 2016","March 18, 1996",4 years
47,Damian Lillard,lillada01,188,88,1,-1,-1,-1,-1,29802321.0,Right,"October 31, 2012","July 15, 1990",10 years
48,Nassir Little,littlna01,196,99,-1,-1,2,1,-1,2105520.0,Right,"October 25, 2019","February 11, 2000",3 years
49,CJ McCollum,mccolcj01,190,86,-1,1,-1,-1,-1,27556959.0,Right,"January 8, 2014","September 19, 1991",9 years
50,Jusuf Nurkić,nurkiju01,211,131,-1,-1,-1,-1,1,12000000.0,Right,"October 29, 2014","August 23, 1994",8 years
51,Anfernee Simons,simonan01,190,82,-1,1,-1,-1,-1,2149560.0,Right,"October 30, 2018","June 8, 1999",4 years
52,Caleb Swanigan,swanica01,206,117,-1,-1,-1,1,2,2033160.0,Right,"October 18, 2017","April 18, 1997",3 years
53,Anthony Tolliver,tollian01,203,108,-1,-1,2,1,-1,2419852.0,Right,"November 7, 2008","June 1, 1985",13 years
54,Gary Trent Jr.,trentga02,196,94,-1,1,2,-1,-1,1416852.0,Right,"November 4, 2018","January 18, 1999",4 years
55,Hassan Whiteside,whiteha01,213,120,-1,-1,-1,-1,1,27093018.0,Right,"October 27, 2010","June 13, 1989",10 years
56,Ryan Anderson,anderry01,206,108,-1,-1,-1,1,2,5214583.0,Right,"October 29, 2008","May 6, 1988",12 years
57,Bruno Caboclo,cabocbr01,206,98,-1,-1,1,3,2,1845301.0,Right,"November 21, 2014","September 21, 1995",7 years
58,Clint Capela,capelca01,208,108,-1,-1,-1,-1,1,14896552.0,Right,"November 6, 2014","May 18, 1994",8 years
59,DeMarre Carroll,carrode01,198,97,-1,-1,1,2,3,6842307.0,Right,"October 28, 2009","July 27, 1986",11 years
60,Tyson Chandler,chandty01,213,106,-1,-1,-1,2,1,2564753.0,Right,"October 31, 2001","October 2, 1982",19 years
61,Gary Clark,clarkga01,198,102,-1,-1,2,1,-1,718765.0,Right,"October 17, 2018","November 16, 1994",4 years
62,Chris Clemons,clemoch01,175,81,-1,1,-1,-1,-1,563347.0,Right,"November 3, 2019","July 23, 1997",1 year
63,Robert Covington,covinro01,201,94,-1,-1,1,2,3,11301219.0,Right,"January 18, 2014","December 14, 1990",9 years
64,Michael Frazier,frazimi01,190,90,-1,1,-1,-1,-1,,Right,"January 9, 2020","March 8, 1994",1 year
65,Eric Gordon,gordoer01,190,97,-1,1,2,-1,-1,14057730.0,Right,"October 29, 2008","December 25, 1988",14 years
66,Jeff Green,greenje02,203,106,-1,-1,2,1,3,2564753.0,Right,"October 31, 2007","August 28, 1986",14 years
67,James Harden,hardeja01,196,99,2,1,-1,-1,-1,38199000.0,Left,"October 28, 2009","August 26, 1989",13 years
68,Isaiah Hartenstein,harteis01,213,113,-1,-1,-1,2,1,1416852.0,Left,"October 17, 2018","May 5, 1998",4 years
69,Danuel House Jr.,houseda01,198,99,-1,2,1,-1,-1,3540000.0,Right,"November 11, 2016","June 7, 1993",6 years
70,William Howard,howarwi01,203,93,-1,-1,-1,1,-1,50000.0,Right,"February 7, 2020","October 25, 1993",1 year
71,Luc Mbah a Moute,mbahalu01,203,104,-1,-1,2,1,-1,289803.0,Right,"October 28, 2008","September 9, 1986",12 years
72,Ben McLemore,mclembe01,190,88,-1,1,2,-1,-1,2028594.0,Right,"October 30, 2013","February 11, 1993",9 years
73,Austin Rivers,riverau01,193,90,2,1,-1,-1,-1,2174318.0,Right,"October 31, 2012","August 1, 1992",10 years
74,Thabo Sefolosha,sefolth01,198,97,-1,1,2,3,-1,2564753.0,Right,"October 31, 2006","May 2, 1984",14 years
75,P.J. Tucker,tuckepj01,196,111,-1,3,1,2,-1,8349039.0,Right,"November 1, 2006","May 5, 1985",11 years
76,Russell Westbrook,westbru01,190,90,1,-1,-1,-1,-1,38506482.0,Right,"October 29, 2008","November 12, 1988",14 years
77,Patrick Beverley,beverpa01,185,81,1,2,-1,-1,-1,12345679.0,Right,"January 15, 2013","July 12, 1988",10 years
78,Amir Coffey,coffeam01,201,95,-1,1,-1,-1,-1,,Left,"December 31, 2019","June 17, 1997",3 years
79,Paul George,georgpa01,203,99,-1,2,1,3,-1,33005556.0,Right,"October 27, 2010","May 2, 1990",12 years
80,JaMychal Green,greenja01,203,102,-1,-1,-1,1,-1,4767000.0,Right,"January 18, 2015","June 21, 1990",8 years
81,Maurice Harkless,harklma01,201,99,-1,-1,1,2,-1,11511234.0,Right,"November 7, 2012","May 11, 1993",10 years
82,Montrezl Harrell,harremo01,201,108,-1,-1,-1,2,1,6000000.0,Right,"October 28, 2015","January 26, 1994",7 years
83,Reggie Jackson,jacksre01,188,94,1,2,-1,-1,-1,17286956.0,Right,"December 31, 2011","April 16, 1990",11 years
84,Mfiondu Kabengele,kabenmf01,206,113,-1,-1,-1,1,2,1977000.0,Right,"October 24, 2019","August 14, 1997",2 years
85,Kawhi Leonard,leonaka01,201,102,-1,-1,1,-1,-1,32742000.0,Right,"December 26, 2011","June 29, 1991",10 years
86,Terance Mann,mannte01,196,97,-1,2,1,-1,-1,1000000.0,Right,"October 24, 2019","October 18, 1996",3 years
87,Rodney McGruder,mcgruro01,193,92,-1,1,-1,-1,-1,4807693.0,Right,"October 26, 2016","July 29, 1991",6 years
88,Marcus Morris,morrima03,203,98,-1,-1,2,1,-1,15000000.0,Right,"December 26, 2011","September 2, 1989",11 years
89,Johnathan Motley,motlejo01,203,104,-1,-1,-1,1,-1,,Right,"December 14, 2017","May 4, 1995",3 years
90,Joakim Noah,noahjo01,211,104,-1,-1,-1,-1,1,6431666.0,Right,"November 6, 2007","February 25, 1985",13 years
91,Patrick Patterson,pattepa01,203,106,-1,-1,-1,1,-1,2331593.0,Right,"December 15, 2010","March 14, 1989",11 years
92,Jerome Robinson,robinje01,193,86,-1,1,-1,-1,-1,3567720.0,Right,"October 26, 2018","February 22, 1997",3 years
93,Landry Shamet,shamela01,193,86,-1,1,-1,-1,-1,1995120.0,Right,"October 16, 2018","March 13, 1997",4 years
94,Derrick Walton,waltode01,183,85,1,-1,-1,-1,-1,1445697.0,Right,"November 6, 2017","April 3, 1995",3 years
95,Lou Williams,willilo02,185,79,1,2,-1,-1,-1,8000000.0,Right,"November 2, 2005","October 27, 1986",17 years
96,Ivica Zubac,zubaciv01,213,108,-1,-1,-1,-1,1,6481482.0,Right,"November 2, 2016","March 18, 1997",6 years
97,Nickeil Alexander-Walker,alexani01,198,92,-1,1,-1,-1,-1,2964840.0,Right,"October 22, 2019","September 2, 1998",3 years
98,Lonzo Ball,balllo01,198,86,1,-1,-1,-1,-1,8719320.0,Right,"October 19, 2017","October 27, 1997",5 years
99,Zylan Cheatham,cheatzy01,196,99,-1,-1,1,2,-1,,Right,"November 16, 2019","November 17, 1995",2 years
100,Derrick Favors,favorde01,206,120,-1,-1,-1,1,2,17650000.0,Right,"October 27, 2010","July 15, 1991",12 years
101,Josh Gray,grayjo01,183,81,1,-1,-1,-1,-1,,Right,"February 2, 2018","September 9, 1993",2 years
102,Josh Hart,hartjo01,196,97,-1,1,2,-1,-1,1934160.0,Right,"October 20, 2017","March 6, 1995",5 years
103,Jaxson Hayes,hayesja02,211,99,-1,-1,-1,-1,1,4862040.0,Right,"October 28, 2019","May 23, 2000",3 years
104,Jrue Holiday,holidjr01,190,92,1,2,-1,-1,-1,26131111.0,Right,"October 30, 2009","June 12, 1990",13 years
105,Brandon Ingram,ingrabr01,203,86,-1,-1,1,2,-1,7265485.0,Right,"October 26, 2016","September 2, 1997",6 years
106,Frank Jackson,jacksfr01,190,92,1,-1,-1,-1,-1,1618520.0,Right,"October 17, 2018","May 4, 1998",4 years
107,Nicolò Melli,mellini01,206,107,-1,-1,-1,1,2,4102564.0,Right,"October 22, 2019","January 26, 1991",2 years
108,E'Twaun Moore,mooreet01,190,86,2,1,-1,-1,-1,8664928.0,Right,"December 25, 2011","February 25, 1989",10 years
109,Jahlil Okafor,okafoja01,208,122,-1,-1,-1,-1,1,1702486.0,Right,"October 28, 2015","December 15, 1995",6 years
110,J.J. Redick,redicjj01,190,90,2,1,-1,-1,-1,13486300.0,Right,"November 25, 2006","June 24, 1984",15 years
111,Sindarius Thornwell,thornsi01,193,97,-1,1,2,-1,-1,183115.0,Right,"October 19, 2017","November 15, 1994",4 years
112,Kenrich Williams,willike04,198,95,-1,-1,2,1,-1,1416852.0,Right,"October 17, 2018","December 2, 1994",4 years
113,Zion Williamson,willizi01,198,128,-1,-1,-1,1,-1,9757440.0,Left,"January 22, 2020","July 6, 2000",2 years
114,Deandre Ayton,aytonde01,211,113,-1,-1,-1,-1,1,9562920.0,Right,"October 17, 2018","July 23, 1998",4 years
115,Aron Baynes,baynear01,208,117,-1,-1,-1,-1,1,5453280.0,Right,"January 25, 2013","December 9, 1986",9 years
116,Jonah Bolden,boldejo01,203,99,-1,-1,-1,2,1,1698450.0,Right,"October 16, 2018","January 2, 1996",2 years
117,Devin Booker,bookede01,196,93,-1,1,-1,-1,-1,27285000.0,Right,"October 28, 2015","October 30, 1996",7 years
118,Mikal Bridges,bridgmi01,198,94,-1,-1,1,-1,-1,4161000.0,Right,"October 17, 2018","August 30, 1996",4 years
119,Jevon Carter,carteje01,185,90,1,-1,-1,-1,-1,1416852.0,Right,"December 15, 2018","September 14, 1995",4 years
120,Cheick Diallo,diallch01,203,99,-1,-1,-1,1,2,1678854.0,Right,"October 29, 2016","September 13, 1996",5 years
121,Jared Harper,harpeja01,178,79,1,-1,-1,-1,-1,,Right,"October 23, 2019","September 14, 1997",3 years
122,Ty Jerome,jeromty01,196,88,-1,1,-1,-1,-1,2193480.0,Right,"December 2, 2019","July 8, 1997",3 years
123,Cameron Johnson,johnsca02,203,95,-1,-1,-1,1,-1,4033440.0,Right,"October 26, 2019","March 3, 1996",3 years
124,Tyler Johnson,johnsty01,190,84,1,2,-1,-1,-1,19245370.0,Left,"January 14, 2015","May 7, 1992",8 years
125,Frank Kaminsky,kaminfr01,213,108,-1,-1,-1,2,1,4767000.0,Right,"October 28, 2015","April 4, 1993",7 years
126,Jalen Lecque,lecquja01,193,83,1,2,-1,-1,-1,898310.0,Right,"January 16, 2020","June 13, 2000",2 years
127,Elie Okobo,okoboel01,190,86,1,-1,-1,-1,-1,1416852.0,Left,"October 17, 2018","October 23, 1997",2 years
128,Kelly Oubre Jr.,oubreke01,201,92,-1,-1,1,-1,-1,15625000.0,Left,"October 30, 2015","December 9, 1995",7 years
129,Tariq Owens,owensta01,208,92,-1,-1,-1,1,-1,,Right,"February 2, 2020","June 30, 1995",1 year
130,Cameron Payne,payneca01,185,83,1,2,-1,-1,-1,196288.0,Left,"November 1, 2015","August 8, 1994",7 years
131,Ricky Rubio,rubiori01,188,86,1,-1,-1,-1,-1,16200000.0,Right,"December 26, 2011","October 21, 1990",11 years
132,Dario Šarić,saricda01,208,102,-1,-1,-1,1,2,3481986.0,Right,"October 26, 2016","April 8, 1994",5 years
133,Bradley Beal,bealbr01,193,93,-1,1,-1,-1,-1,25399705.0,Right,"October 30, 2012","June 28, 1993",10 years
134,Dāvis Bertāns,bertada01,208,102,-1,-1,-1,1,-1,7000000.0,Right,"October 25, 2016","November 12, 1992",6 years
135,Isaac Bonga,bongais01,203,81,2,-1,1,-1,-1,1416852.0,Right,"December 7, 2018","November 8, 1999",4 years
136,Troy Brown Jr.,browntr01,198,97,-1,-1,1,-1,-1,3219480.0,Right,"October 24, 2018","July 28, 1999",4 years
137,Thomas Bryant,bryanth01,208,112,-1,-1,-1,-1,1,8000000.0,Right,"December 23, 2017","July 31, 1997",5 years
138,Chris Chiozza,chiozch01,180,79,1,-1,-1,-1,-1,,Right,"March 24, 2019","November 21, 1995",4 years
139,Jerian Grant,grantje02,193,92,1,2,-1,-1,-1,196288.0,Right,"October 28, 2015","October 9, 1992",5 years
140,Rui Hachimura,hachiru01,203,104,-1,-1,-1,1,-1,4469160.0,Right,"October 23, 2019","February 8, 1998",3 years
141,Ian Mahinmi,mahinia01,211,118,-1,-1,-1,-1,1,15450051.0,Right,"October 30, 2007","November 5, 1986",12 years
142,Garrison Mathews,mathega01,196,97,-1,1,-1,-1,-1,,Right,"October 23, 2019","October 24, 1996",3 years
143,Jordan McRae,mcraejo01,196,81,2,1,-1,-1,-1,1645357.0,Right,"January 29, 2016","March 28, 1991",4 years
144,C.J. Miles,milescj01,198,99,3,2,1,-1,-1,8730158.0,Left,"November 14, 2005","March 18, 1987",16 years
145,Shabazz Napier,napiesh01,183,79,1,-1,-1,-1,-1,1845301.0,Right,"October 29, 2014","July 14, 1991",6 years
146,Anžejs Pasečņiks,pasecan01,216,103,-1,-1,-1,-1,1,482144.0,Right,"December 18, 2019","December 20, 1995",2 years
147,Gary Payton II,paytoga02,190,86,1,2,3,-1,-1,1090781.0,Left,"April 2, 2017","December 1, 1992",6 years
148,Justin Robinson,robinju01,185,88,1,-1,-1,-1,-1,395866.0,Left,"October 23, 2019","October 12, 1997",3 years
149,Admiral Schofield,schofad01,196,109,-1,-1,1,2,-1,1000000.0,Right,"October 23, 2019","March 30, 1997",2 years
150,Ish Smith,smithis01,183,79,1,-1,-1,-1,-1,6000000.0,Right,"October 26, 2010","July 5, 1988",12 years
151,Isaiah Thomas,thomais02,175,83,1,2,-1,-1,-1,2320044.0,Left,"December 26, 2011","February 7, 1989",11 years
152,Jarrod Uthoff,uthofja01,206,100,-1,-1,-1,1,-1,163356.0,Right,"March 10, 2017","May 19, 1993",2 years
153,Moritz Wagner,wagnemo01,211,111,-1,-1,-1,-1,1,2063520.0,Right,"November 17, 2018","April 26, 1997",4 years
154,Johnathan Williams,willijo04,206,103,-1,-1,-1,1,2,,Left,"October 22, 2018","May 22, 1995",2 years
155,Grayson Allen,allengr01,193,89,-1,1,-1,-1,-1,2277563.0,Right,"October 22, 2018","October 8, 1995",4 years
156,Kyle Anderson,anderky01,206,104,-1,-1,1,2,-1,9073050.0,Right,"November 6, 2014","September 20, 1993",8 years
157,Jordan Bell,belljo01,203,97,-1,-1,-1,-1,1,1620564.0,Right,"October 17, 2017","January 7, 1995",5 years
158,Dillon Brooks,brookdi01,201,102,-1,2,1,-1,-1,1618520.0,Right,"October 18, 2017","January 22, 1996",5 years
159,Brandon Clarke,clarkbr01,203,97,-1,-1,-1,1,-1,2478840.0,Right,"October 23, 2019","September 19, 1996",3 years
160,Jae Crowder,crowdja01,198,106,-1,-1,1,2,-1,7815533.0,Right,"October 30, 2012","July 6, 1990",10 years
161,Gorgui Dieng,dienggo01,208,114,-1,-1,-1,2,1,16229213.0,Right,"November 1, 2013","January 18, 1990",9 years
162,Marko Guduric,gudurma01,198,91,-1,1,-1,-1,-1,2625000.0,Left,"October 23, 2019","March 8, 1995",1 year
163,Dusty Hannahs,hannadu01,190,95,-1,1,-1,-1,-1,81678.0,Right,"March 31, 2019","September 2, 1993",2 years
164,Solomon Hill,hillso01,198,102,-1,-1,1,2,-1,12758781.0,Right,"October 29, 2013","March 18, 1991",9 years
165,Jaren Jackson Jr.,jacksja02,211,109,-1,-1,-1,2,1,6927480.0,Right,"October 17, 2018","September 15, 1999",4 years
166,Josh Jackson,jacksjo02,203,93,-1,2,1,-1,-1,7059480.0,Right,"October 18, 2017","February 10, 1997",5 years
167,Tyus Jones,jonesty01,183,88,1,-1,-1,-1,-1,8400000.0,Right,"November 10, 2015","May 10, 1996",7 years
168,John Konchar,konchjo01,196,95,-1,1,-1,-1,-1,,Right,"November 9, 2019","March 22, 1996",3 years
169,De'Anthony Melton,meltode01,188,90,1,2,-1,-1,-1,1416852.0,Right,"October 22, 2018","May 28, 1998",4 years
170,Ja Morant,moranja01,190,78,1,-1,-1,-1,-1,8730240.0,Right,"October 23, 2019","August 10, 1999",3 years
171,Jonas Valančiūnas,valanjo01,211,120,-1,-1,-1,-1,1,16000000.0,Right,"October 31, 2012","May 6, 1992",10 years
172,Yuta Watanabe,watanyu01,206,97,-1,-1,1,-1,-1,,Left,"October 27, 2018","October 13, 1994",4 years
173,Jaylen Brown,brownja02,198,101,-1,1,2,-1,-1,6534829.0,Right,"October 26, 2016","October 24, 1996",6 years
174,Carsen Edwards,edwarca01,180,90,-1,1,-1,-1,-1,1228026.0,Right,"October 23, 2019","March 12, 1998",3 years
175,Tacko Fall,fallta01,229,141,-1,-1,-1,-1,1,,Right,"October 26, 2019","December 10, 1995",3 years
176,Enes Freedom,kanteen01,208,113,-1,-1,-1,-1,1,4767000.0,Right,"December 27, 2011","May 20, 1992",11 years
177,Javonte Green,greenja02,193,92,-1,2,1,-1,-1,898310.0,Right,"October 25, 2019","July 23, 1993",3 years
178,Gordon Hayward,haywago01,201,102,-1,-1,1,2,-1,32700690.0,Right,"October 27, 2010","March 23, 1990",12 years
179,Romeo Langford,langfro01,193,97,-1,1,-1,-1,-1,3458400.0,Right,"October 30, 2019","October 25, 1999",3 years
180,Semi Ojeleye,ojelese01,198,108,-1,-1,-1,1,-1,1618520.0,Right,"October 17, 2017","December 5, 1994",5 years
181,Vincent Poirier,poirivi01,213,106,-1,-1,-1,-1,1,2505793.0,Right,"October 26, 2019","October 17, 1993",2 years
182,Marcus Smart,smartma01,190,99,2,1,-1,-1,-1,11768879.0,Right,"October 29, 2014","March 6, 1994",8 years
183,Jayson Tatum,tatumja01,203,95,-1,-1,1,2,-1,7830000.0,Right,"October 17, 2017","March 3, 1998",5 years
184,Daniel Theis,theisda01,203,111,-1,-1,-1,-1,1,5000000.0,Right,"October 18, 2017","April 4, 1992",5 years
185,Kemba Walker,walkeke02,183,83,1,-1,-1,-1,-1,32742000.0,Right,"December 26, 2011","May 8, 1990",11 years
186,Brad Wanamaker,wanambr01,190,95,1,-1,-1,-1,-1,1355341.0,Right,"October 16, 2018","July 25, 1989",4 years
187,Tremont Waters,watertr01,178,79,1,-1,-1,-1,-1,,Right,"November 25, 2019","January 10, 1998",3 years
188,Grant Williams,willigr01,198,107,-1,-1,-1,1,-1,2379840.0,Right,"October 23, 2019","November 30, 1998",3 years
189,Robert Williams,williro04,203,107,-1,-1,-1,-1,1,1937520.0,Right,"October 22, 2018","October 17, 1997",4 years
190,Bam Adebayo,adebaba01,206,115,-1,-1,-1,2,1,3454080.0,Right,"October 18, 2017","July 18, 1997",5 years
191,Kyle Alexander,alexaky01,211,99,-1,-1,-1,-1,1,,Right,"August 6, 2020","October 21, 1996",1 year
192,Jimmy Butler,butleji01,201,104,-1,2,1,-1,-1,32742000.0,Right,"January 1, 2012","September 14, 1989",11 years
193,Goran Dragić,dragigo01,190,86,1,2,-1,-1,-1,19217900.0,Left,"October 29, 2008","May 6, 1986",14 years
194,Udonis Haslem,hasleud01,203,106,-1,-1,-1,1,2,2564753.0,Right,"October 28, 2003","June 9, 1980",19 years
195,Tyler Herro,herroty01,196,88,-1,1,-1,-1,-1,3640200.0,Right,"October 23, 2019","January 20, 2000",3 years
196,Andre Iguodala,iguodan01,198,97,-1,2,1,-1,-1,17185185.0,Right,"November 3, 2004","January 28, 1984",18 years
197,James Johnson,johnsja01,201,108,-1,-1,2,1,3,15349400.0,Right,"October 30, 2009","February 20, 1987",13 years
198,Derrick Jones Jr.,jonesde02,196,95,-1,-1,1,2,-1,1645357.0,Left,"November 19, 2016","February 15, 1997",6 years
199,Meyers Leonard,leoname01,213,117,-1,-1,-1,2,1,11286515.0,Right,"October 31, 2012","February 27, 1992",9 years
200,Daryl Macon,maconda01,188,83,1,2,-1,-1,-1,,Right,"October 26, 2018","November 29, 1995",2 years
201,Kendrick Nunn,nunnke01,188,86,1,-1,-1,-1,-1,1416852.0,Left,"October 23, 2019","August 3, 1995",2 years
202,KZ Okpala,okpalkz01,203,97,-1,-1,-1,1,-1,898310.0,Right,"October 23, 2019","April 28, 1999",3 years
203,Kelly Olynyk,olynyke01,211,108,-1,-1,-1,2,1,11667885.0,Right,"October 30, 2013","April 19, 1991",9 years
204,Duncan Robinson,robindu01,201,97,-1,1,2,-1,-1,1416852.0,Right,"October 24, 2018","April 22, 1994",4 years
205,Chris Silva,silvach01,203,106,-1,-1,-1,1,-1,466918.0,Right,"October 23, 2019","September 19, 1996",3 years
206,Gabe Vincent,vincega01,190,90,1,-1,-1,-1,-1,,Right,"January 27, 2020","June 14, 1996",3 years
207,Dion Waiters,waitedi01,190,97,-1,1,-1,-1,-1,12100000.0,Right,"October 30, 2012","December 10, 1991",8 years
208,Justise Winslow,winslju01,198,100,-1,3,1,2,-1,13000000.0,Left,"October 28, 2015","March 26, 1996",7 years
209,Will Barton,bartowi01,198,82,-1,1,2,-1,-1,12776786.0,Right,"November 2, 2012","January 6, 1991",10 years
210,Keita Bates-Diop,bateske01,203,103,-1,-1,1,2,-1,1416852.0,Right,"October 26, 2018","January 23, 1996",4 years
211,Malik Beasley,beaslma01,193,84,-1,1,-1,-1,-1,2731714.0,Right,"November 5, 2016","November 26, 1996",6 years
212,Bol Bol,bolbo01,218,99,-1,-1,-1,1,-1,,Right,"August 1, 2020","November 16, 1999",3 years
213,Vlatko Čančar,cancavl01,203,107,-1,-1,-1,1,-1,898310.0,Right,"October 31, 2019","April 10, 1997",3 years
214,Tyler Cook,cookty01,203,115,-1,-1,2,1,-1,151504.0,Right,"October 26, 2019","September 23, 1997",3 years
215,Torrey Craig,craigto01,201,100,-1,-1,1,-1,-1,2000000.0,Right,"November 28, 2017","December 19, 1990",5 years
216,Troy Daniels,danietr01,193,90,-1,1,-1,-1,-1,2028594.0,Right,"March 5, 2014","July 15, 1991",7 years
217,PJ Dozier,doziepj01,198,92,2,1,-1,-1,-1,183115.0,Right,"February 8, 2018","October 25, 1996",5 years
218,Jerami Grant,grantje01,203,95,-1,-1,2,1,-1,9346153.0,Right,"November 29, 2014","March 12, 1994",8 years
219,Gary Harris,harriga01,193,95,-1,1,-1,-1,-1,17839286.0,Right,"November 14, 2014","September 14, 1994",8 years
220,Juancho Hernangómez,hernaju01,206,97,-1,-1,-1,1,-1,3321030.0,Right,"October 26, 2016","September 28, 1995",6 years
221,Nikola Jokić,jokicni01,211,128,-1,-1,-1,-1,1,26573595.0,Right,"October 28, 2015","February 19, 1995",7 years
222,Paul Millsap,millspa01,201,116,-1,-1,-1,1,2,30500000.0,Right,"November 1, 2006","February 10, 1985",16 years
223,Monte Morris,morrimo01,188,83,1,-1,-1,-1,-1,1588231.0,Right,"December 12, 2017","June 27, 1995",5 years
224,Jamal Murray,murraja01,190,97,1,2,-1,-1,-1,4444746.0,Right,"October 26, 2016","February 23, 1997",5 years
225,Mason Plumlee,plumlma01,211,115,-1,-1,-1,-1,1,14041096.0,Right,"November 3, 2013","March 5, 1990",9 years
226,Michael Porter Jr.,portemi01,208,98,-1,-1,1,-1,-1,3389400.0,Right,"October 31, 2019","June 29, 1998",3 years
227,Jarred Vanderbilt,vandeja01,206,97,-1,-1,-1,1,-1,1416852.0,Left,"January 25, 2019","April 3, 1999",4 years
228,Noah Vonleh,vonleno01,208,116,-1,-1,-1,1,2,2000000.0,Right,"November 15, 2014","August 24, 1995",7 years
229,OG Anunoby,anunoog01,201,105,-1,-1,1,-1,-1,2281800.0,Right,"October 19, 2017","July 17, 1997",5 years
230,Chris Boucher,bouchch01,206,90,-1,-1,-1,1,2,1488967.0,Right,"March 14, 2018","January 11, 1993",5 years
231,Oshae Brissett,brissos01,201,95,-1,-1,1,-1,-1,,Right,"November 18, 2019","June 20, 1998",3 years
232,Terence Davis,daviste02,193,91,-1,1,-1,-1,-1,898310.0,Right,"October 22, 2019","May 16, 1997",3 years
233,Marc Gasol,gasolma01,211,115,-1,-1,-1,-1,1,25595700.0,Right,"October 29, 2008","January 29, 1985",13 years
234,Dewan Hernandez,hernade01,208,106,-1,-1,-1,-1,1,898310.0,Right,"November 18, 2019","December 9, 1996",1 year
235,Rondae Hollis-Jefferson,holliro01,198,98,-1,-1,1,2,-1,2500000.0,Left,"October 28, 2015","January 3, 1995",6 years
236,Serge Ibaka,ibakase01,208,106,-1,-1,-1,1,2,23271604.0,Right,"October 30, 2009","September 18, 1989",13 years
237,Stanley Johnson,johnsst04,198,109,-1,-1,1,2,-1,3623000.0,Right,"October 27, 2015","May 29, 1996",7 years
238,Kyle Lowry,lowryky01,183,88,1,-1,-1,-1,-1,33296296.0,Right,"November 1, 2006","March 25, 1986",16 years
239,Patrick McCaw,mccawpa01,201,82,-1,1,2,-1,-1,4000000.0,Right,"October 25, 2016","October 25, 1995",5 years
240,Malcolm Miller,millema01,201,95,-1,-1,1,-1,-1,1588231.0,Right,"December 20, 2017","March 6, 1993",3 years
241,Shamorie Ponds,pondssh01,183,81,1,-1,-1,-1,-1,,Left,"November 27, 2019","June 29, 1998",1 year
242,Norman Powell,powelno01,190,97,-1,1,2,-1,-1,10116576.0,Right,"November 1, 2015","May 25, 1993",7 years
243,Pascal Siakam,siakapa01,206,104,-1,-1,-1,1,-1,2351839.0,Right,"October 26, 2016","April 2, 1994",6 years
244,Matt Thomas,thomama02,193,86,-1,1,-1,-1,-1,898310.0,Right,"October 26, 2019","August 4, 1994",3 years
245,Fred VanVleet,vanvlfr01,185,89,1,2,-1,-1,-1,9346153.0,Right,"November 9, 2016","February 25, 1994",6 years
246,Paul Watson,watsopa01,198,95,-1,-1,1,-1,-1,50752.0,Right,"January 8, 2020","December 30, 1994",3 years
247,LaMarcus Aldridge,aldrila01,211,113,-1,-1,-1,1,2,26000000.0,Right,"November 12, 2006","July 19, 1985",16 years
248,Marco Belinelli,belinma01,196,99,-1,1,2,-1,-1,5846154.0,Right,"October 30, 2007","March 25, 1986",13 years
249,DeMar DeRozan,derozde01,198,99,-1,1,3,2,-1,27739975.0,Right,"October 28, 2009","August 7, 1989",13 years
250,Drew Eubanks,eubandr01,206,111,-1,-1,-1,2,1,,Right,"October 20, 2018","February 1, 1997",4 years
251,Bryn Forbes,forbebr01,188,92,-1,1,-1,-1,-1,2875000.0,Right,"October 25, 2016","July 23, 1993",6 years
252,Rudy Gay,gayru01,203,113,-1,-1,1,2,-1,14000000.0,Right,"November 1, 2006","August 17, 1986",16 years
253,Keldon Johnson,johnske04,196,99,-1,-1,1,-1,-1,1950600.0,Right,"November 22, 2019","October 11, 1999",3 years
254,Trey Lyles,lylestr01,206,106,-1,-1,-1,1,-1,5500000.0,Right,"October 28, 2015","November 5, 1995",7 years
255,Chimezie Metu,metuch01,206,102,-1,-1,-1,2,1,1416852.0,Right,"October 20, 2018","March 22, 1997",4 years
256,Patty Mills,millspa02,185,81,1,2,-1,-1,-1,12428571.0,Right,"January 4, 2010","August 11, 1988",13 years
257,Dejounte Murray,murrade01,193,81,1,-1,-1,-1,-1,2321735.0,Right,"October 29, 2016","September 19, 1996",5 years
258,Jakob Poeltl,poeltja01,216,111,-1,-1,-1,-1,1,3754886.0,Right,"October 26, 2016","October 15, 1995",6 years
259,Luka Šamanić,samanlu01,208,102,-1,-1,-1,1,-1,2689920.0,Right,"March 6, 2020","January 9, 2000",2 years
260,Lonnie Walker IV,walkelo01,193,92,-1,1,-1,-1,-1,2760480.0,Right,"January 3, 2019","December 14, 1998",4 years
261,Quinndary Weatherspoon,weathqu01,190,92,-1,1,-1,-1,-1,,Right,"February 8, 2020","September 10, 1996",3 years
262,Derrick White,whitede01,193,86,2,1,-1,-1,-1,1948080.0,Right,"October 18, 2017","July 2, 1994",5 years
263,Tyler Zeller,zellety01,213,114,-1,-1,-1,-1,1,245686.0,Right,"October 30, 2012","January 17, 1990",8 years
264,Alec Burks,burksal01,198,97,-1,1,2,-1,-1,2320044.0,Right,"December 27, 2011","July 20, 1991",11 years
265,Joel Embiid,embiijo01,213,127,-1,-1,-1,-1,1,27504630.0,Right,"October 26, 2016","March 16, 1994",6 years
266,James Ennis III,ennisja01,198,97,-1,2,1,-1,-1,1882867.0,Right,"October 29, 2014","July 1, 1990",8 years
267,Tobias Harris,harrito02,203,102,-1,-1,2,1,-1,32742000.0,Right,"January 7, 2012","July 15, 1992",11 years
268,Al Horford,horfoal01,206,108,-1,-1,-1,-1,1,28000000.0,Right,"November 2, 2007","June 3, 1986",15 years
269,Furkan Korkmaz,korkmfu01,201,91,-1,1,-1,-1,-1,1620564.0,Right,"November 11, 2017","July 24, 1997",5 years
270,Shake Milton,miltosh01,196,92,-1,1,-1,-1,-1,1445697.0,Right,"November 30, 2018","September 26, 1996",4 years
271,Raul Neto,netora01,185,81,1,-1,-1,-1,-1,1737145.0,Right,"October 28, 2015","May 19, 1992",7 years
272,Kyle O'Quinn,oquinky01,206,113,-1,-1,-1,2,1,2028594.0,Right,"November 2, 2012","March 26, 1990",8 years
273,Norvel Pelle,pelleno01,208,104,-1,-1,-1,-1,1,350189.0,Right,"November 29, 2019","February 3, 1993",3 years
274,Josh Richardson,richajo01,196,90,-1,1,2,-1,-1,10116576.0,Right,"November 5, 2015","September 15, 1993",7 years
275,Glenn Robinson III,robingl02,198,100,-1,2,1,-1,-1,1882867.0,Right,"November 14, 2014","January 8, 1994",7 years
276,Mike Scott,scottmi01,201,107,-1,-1,-1,1,-1,4767000.0,Right,"November 11, 2012","July 16, 1988",9 years
277,Marial Shayok,shayoma01,196,89,-1,1,-1,-1,-1,,Right,"February 6, 2020","July 26, 1995",1 year
278,Ben Simmons,simmobe01,211,108,1,-1,-1,-1,-1,8113930.0,Left,"October 18, 2017","July 20, 1996",4 years
279,Zhaire Smith,smithzh01,190,92,-1,2,1,-1,-1,3058800.0,Right,"March 25, 2019","June 4, 1999",2 years
280,Matisse Thybulle,thybuma01,196,91,-1,1,-1,-1,-1,2582160.0,Right,"October 23, 2019","March 4, 1997",3 years
281,Kostas Antetokounmpo,antetko01,208,90,-1,-1,-1,1,-1,,Right,"March 20, 2019","November 20, 1997",3 years
282,Avery Bradley,bradlav01,190,81,2,1,-1,-1,-1,4767000.0,Right,"November 22, 2010","November 26, 1990",12 years
283,Devontae Cacok,cacokde01,201,108,-1,-1,-1,1,2,,Right,"August 13, 2020","October 8, 1996",3 years
284,Kentavious Caldwell-Pope,caldwke01,196,92,-1,1,-1,-1,-1,8089282.0,Right,"October 30, 2013","February 18, 1993",9 years
285,Alex Caruso,carusal01,193,84,1,2,-1,-1,-1,2750000.0,Right,"October 19, 2017","February 28, 1994",5 years
286,Quinn Cook,cookqu01,185,81,1,-1,-1,-1,-1,3000000.0,Right,"February 27, 2017","March 23, 1993",5 years
287,Anthony Davis,davisan02,208,114,-1,-1,-1,1,2,27093019.0,Right,"October 31, 2012","March 11, 1993",10 years
288,Jared Dudley,dudleja01,198,107,-1,3,2,1,-1,2564753.0,Right,"November 2, 2007","July 10, 1985",14 years
289,Danny Green,greenda02,198,97,-1,1,2,-1,-1,14634146.0,Right,"November 12, 2009","June 22, 1987",13 years
290,Talen Horton-Tucker,hortota01,193,106,-1,1,-1,-1,-1,898310.0,Right,"December 8, 2019","November 25, 2000",3 years
291,Dwight Howard,howardw01,208,120,-1,-1,-1,2,1,3039097.0,Right,"November 3, 2004","December 8, 1985",18 years
292,LeBron James,jamesle01,206,113,3,4,1,2,-1,37436858.0,Right,"October 29, 2003","December 30, 1984",19 years
293,Kyle Kuzma,kuzmaky01,206,100,-1,-1,2,1,-1,1974600.0,Right,"October 19, 2017","July 24, 1995",5 years
294,JaVale McGee,mcgeeja01,213,122,-1,-1,-1,-1,1,4000000.0,Right,"October 29, 2008","January 19, 1988",14 years
295,Markieff Morris,morrima02,206,111,-1,-1,-1,1,-1,2241808.0,Right,"December 26, 2011","September 2, 1989",11 years
296,Zach Norvell,norveza01,196,93,-1,1,-1,-1,-1,50752.0,Left,"October 25, 2019","December 9, 1997",1 year
297,Rajon Rondo,rondora01,185,81,1,-1,-1,-1,-1,2564753.0,Right,"November 1, 2006","February 22, 1986",16 years
298,J.R. Smith,smithjr01,198,102,-1,1,2,-1,-1,1456667.0,Right,"November 3, 2004","September 9, 1985",16 years
299,Jarrett Allen,allenja01,211,110,-1,-1,-1,-1,1,2376840.0,Right,"October 20, 2017","April 21, 1998",5 years
300,Justin Anderson,anderju01,198,104,-1,2,1,-1,-1,294432.0,Left,"October 28, 2015","November 19, 1993",6 years
301,Wilson Chandler,chandwi01,203,106,-1,3,1,2,-1,2564753.0,Right,"November 13, 2007","May 10, 1987",12 years
302,Nic Claxton,claxtni01,211,97,-1,-1,-1,-1,1,898310.0,Left,"November 8, 2019","April 17, 1999",3 years
303,Jamal Crawford,crawfja01,196,83,2,1,-1,-1,-1,289803.0,Right,"October 31, 2000","March 20, 1980",20 years
304,Spencer Dinwiddie,dinwisp01,196,97,1,2,-1,-1,-1,10605600.0,Right,"October 29, 2014","April 6, 1993",8 years
305,Henry Ellenson,ellenhe01,208,108,-1,-1,-1,1,2,,Right,"October 26, 2016","January 13, 1997",5 years
306,Donta Hall,halldo01,206,105,-1,-1,-1,1,2,101504.0,Right,"February 25, 2020","August 7, 1997",2 years
307,Joe Harris,harrijo01,198,99,-1,1,2,-1,-1,7666667.0,Right,"October 31, 2014","September 6, 1991",8 years
308,Kyrie Irving,irvinky01,188,88,1,-1,-1,-1,-1,31742000.0,Right,"December 26, 2011","March 23, 1992",11 years
309,DeAndre Jordan,jordade01,211,120,-1,-1,-1,-1,1,9881598.0,Left,"November 1, 2008","July 21, 1988",14 years
310,Rodions Kurucs,kurucro01,206,103,-1,-1,1,2,-1,1699236.0,Right,"October 17, 2018","February 5, 1998",3 years
311,Caris LeVert,leverca01,198,92,-1,1,2,-1,-1,2625718.0,Right,"December 7, 2016","August 25, 1994",6 years
312,Timothé Luwawu-Cabarrot,luwawti01,201,99,-1,-1,1,-1,-1,844170.0,Right,"October 29, 2016","May 9, 1995",6 years
313,Jeremiah Martin,martije02,190,83,1,-1,-1,-1,-1,,Left,"January 31, 2020","June 19, 1996",2 years
314,Džanan Musa,musadz01,206,98,-1,2,1,-1,-1,1911600.0,Right,"October 20, 2018","May 8, 1999",2 years
315,David Nwaba,nwabada01,196,99,-1,2,1,-1,-1,1678854.0,Right,"February 28, 2017","January 14, 1993",6 years
316,Theo Pinson,pinsoth01,196,96,-1,1,2,-1,-1,1445697.0,Right,"October 20, 2018","November 5, 1995",4 years
317,Taurean Prince,princta02,201,98,-1,-1,2,1,-1,3481986.0,Right,"October 27, 2016","March 22, 1994",6 years
318,Iman Shumpert,shumpim01,196,97,3,1,2,-1,-1,419443.0,Right,"December 25, 2011","June 26, 1990",10 years
319,Garrett Temple,templga01,196,88,3,1,2,-1,-1,4767000.0,Right,"February 9, 2010","May 8, 1986",12 years
320,Lance Thomas,thomala01,203,108,-1,-1,2,1,-1,262152.0,Right,"December 28, 2011","April 24, 1988",9 years
321,Bojan Bogdanović,bogdabo02,201,102,-1,-1,1,2,-1,17000000.0,Right,"October 29, 2014","April 18, 1989",8 years
322,Tony Bradley,bradlto01,208,112,-1,-1,-1,-1,1,1962360.0,Right,"November 5, 2017","January 8, 1998",5 years
323,Jarrell Brantley,brantja01,196,113,-1,-1,-1,1,-1,,Right,"October 25, 2019","June 7, 1996",2 years
324,Jordan Clarkson,clarkjo01,193,87,2,1,-1,-1,-1,13437500.0,Right,"October 28, 2014","June 7, 1992",8 years
325,Mike Conley,conlemi01,185,79,1,-1,-1,-1,-1,32511623.0,Left,"November 7, 2007","October 11, 1987",15 years
326,Ed Davis,davised01,206,98,-1,-1,-1,1,2,4767000.0,Left,"December 1, 2010","June 5, 1989",12 years
327,Dante Exum,exumda01,196,97,1,2,-1,-1,-1,9600000.0,Right,"October 29, 2014","July 13, 1995",6 years
328,Rudy Gobert,goberru01,216,117,-1,-1,-1,-1,1,25008427.0,Right,"October 30, 2013","June 26, 1992",9 years
329,Joe Ingles,inglejo01,203,99,-1,-1,1,2,-1,11207387.0,Left,"October 29, 2014","October 2, 1987",8 years
330,Stanton Kidd,kiddst01,198,97,-1,1,-1,-1,-1,250000.0,Right,"October 25, 2019","March 18, 1992",1 year
331,Donovan Mitchell,mitchdo01,185,97,2,1,-1,-1,-1,3635760.0,Right,"October 18, 2017","September 7, 1996",5 years
332,Juwan Morgan,morgaju01,201,105,-1,-1,-1,1,-1,746054.0,Right,"November 27, 2019","April 17, 1997",3 years
333,Emmanuel Mudiay,mudiaem01,190,90,1,-1,-1,-1,-1,1737145.0,Right,"October 28, 2015","March 5, 1996",6 years
334,Georges Niang,niangge01,201,104,-1,-1,-1,1,-1,1678854.0,Right,"October 28, 2016","June 17, 1993",6 years
335,Royce O'Neale,onealro01,193,102,-1,-1,1,-1,-1,1618520.0,Right,"October 21, 2017","June 5, 1993",5 years
336,Miye Oni,onimi01,196,93,-1,1,2,-1,-1,842166.0,Right,"November 11, 2019","August 4, 1997",3 years
337,Rayjon Tucker,tuckera01,190,94,2,1,-1,-1,-1,578573.0,Right,"December 30, 2019","September 24, 1997",3 years
338,Nigel Williams-Goss,willini01,188,86,1,-1,-1,-1,-1,1500000.0,Right,"October 25, 2019","September 16, 1994",1 year
339,Justin Wright-Foreman,wrighju02,183,86,1,-1,-1,-1,-1,,Left,"February 21, 2020","October 27, 1997",1 year
340,Goga Bitadze,bitadgo01,211,113,-1,-1,-1,-1,1,2816760.0,Right,"October 26, 2019","July 20, 1999",3 years
341,Brian Bowen,bowenbr02,198,86,-1,-1,1,-1,-1,,Right,"November 12, 2019","October 2, 1998",2 years
342,Malcolm Brogdon,brogdma01,196,103,1,2,-1,-1,-1,20000000.0,Right,"October 26, 2016","December 11, 1992",6 years
343,Aaron Holiday,holidaa01,183,83,1,-1,-1,-1,-1,2239200.0,Right,"October 17, 2018","September 30, 1996",4 years
344,Justin Holiday,holidju01,198,81,-1,1,2,-1,-1,4767000.0,Right,"April 3, 2013","April 5, 1989",9 years
345,Alize Johnson,johnsal02,201,96,-1,-1,-1,1,-1,1416852.0,Right,"October 19, 2018","April 22, 1996",4 years
346,Jeremy Lamb,lambje01,196,81,-1,1,2,-1,-1,10500000.0,Right,"November 2, 2012","May 30, 1992",10 years
347,T.J. Leaf,leaftj01,208,100,-1,-1,-1,1,-1,2813280.0,Right,"October 18, 2017","April 30, 1997",4 years
348,T.J. McConnell,mccontj01,185,86,1,-1,-1,-1,-1,3500000.0,Right,"October 28, 2015","March 25, 1992",7 years
349,Doug McDermott,mcderdo01,201,102,-1,-1,1,2,-1,7333334.0,Right,"October 29, 2014","January 3, 1992",8 years
350,Naz Mitrou-Long,mitrona01,190,98,-1,1,-1,-1,-1,,Right,"December 26, 2017","August 3, 1993",3 years
351,Victor Oladipo,oladivi01,193,96,2,1,-1,-1,-1,21000000.0,Right,"October 29, 2013","May 4, 1992",9 years
352,Domantas Sabonis,sabondo01,211,108,-1,-1,-1,1,2,3529555.0,Left,"October 26, 2016","May 3, 1996",6 years
353,JaKarr Sampson,sampsja02,201,97,-1,-1,1,2,-1,1737145.0,Right,"October 29, 2014","March 20, 1993",6 years
354,Edmond Sumner,sumneed01,193,88,2,1,-1,-1,-1,2000000.0,Right,"April 10, 2018","December 31, 1995",4 years
355,Myles Turner,turnemy01,211,113,-1,-1,-1,-1,1,17500000.0,Right,"October 29, 2015","March 24, 1996",7 years
356,T.J. Warren,warretj01,203,99,-1,-1,1,-1,-1,10810000.0,Right,"November 9, 2014","September 5, 1993",7 years
357,Steven Adams,adamsst01,211,120,-1,-1,-1,-1,1,25842697.0,Right,"October 30, 2013","July 20, 1993",9 years
358,Darius Bazley,bazleda01,203,94,-1,-1,-1,1,-1,2284800.0,Left,"October 23, 2019","June 12, 2000",3 years
359,Deonte Burton,burtode02,193,108,-1,2,1,-1,-1,1416852.0,Left,"October 19, 2018","January 31, 1994",2 years
360,Hamidou Diallo,diallha01,196,91,-1,1,2,-1,-1,1416852.0,Right,"October 16, 2018","July 31, 1998",4 years
361,Luguentz Dort,dortlu01,190,97,-1,1,2,-1,-1,155647.0,Right,"December 6, 2019","April 19, 1999",3 years
362,Terrance Ferguson,fergute01,198,86,-1,1,2,-1,-1,2475840.0,Right,"October 19, 2017","May 17, 1998",4 years
363,Danilo Gallinari,gallida01,208,105,-1,3,1,2,-1,22615559.0,Right,"October 29, 2008","August 8, 1988",13 years
364,Shai Gilgeous-Alexander,gilgesh01,198,81,2,1,-1,-1,-1,3952920.0,Right,"October 17, 2018","July 12, 1998",4 years
365,Devon Hall,hallde01,188,97,1,-1,-1,-1,-1,,Left,"November 12, 2019","July 7, 1995",1 year
366,Kevin Hervey,herveke01,206,104,-1,-1,-1,1,-1,,Right,"December 26, 2019","July 9, 1996",1 year
367,Mike Muscala,muscami01,208,108,-1,-1,-1,2,1,2028594.0,Right,"March 2, 2014","July 1, 1991",9 years
368,Abdel Nader,naderab01,196,102,-1,-1,1,-1,-1,1618520.0,Right,"October 18, 2017","September 25, 1993",5 years
369,Nerlens Noel,noelne01,211,99,-1,-1,-1,2,1,2028594.0,Right,"October 29, 2014","April 10, 1994",8 years
370,Justin Patton,pattoju01,211,109,-1,-1,-1,-1,1,1620564.0,Right,"April 1, 2018","June 14, 1997",4 years
371,Chris Paul,paulch01,183,79,1,-1,-1,-1,-1,38506482.0,Right,"November 1, 2005","May 6, 1985",17 years
372,Andre Roberson,roberan03,201,95,-1,1,2,-1,-1,10740741.0,Right,"November 1, 2013","December 4, 1991",7 years
373,Isaiah Roby,robyis01,203,104,-1,-1,-1,1,-1,1500000.0,Right,"January 29, 2020","February 3, 1998",3 years
374,Dennis Schröder,schrode01,190,78,1,2,-1,-1,-1,15500000.0,Right,"October 30, 2013","September 15, 1993",9 years
375,Marvin Bagley III,baglema01,211,106,-1,-1,-1,1,2,8556120.0,Left,"October 17, 2018","March 14, 1999",4 years
376,Harrison Barnes,barneha02,203,102,-1,-1,2,1,-1,24147727.0,Right,"October 31, 2012","May 30, 1992",10 years
377,Nemanja Bjelica,bjeline01,208,106,-1,-1,-1,1,2,6825000.0,Right,"October 28, 2015","May 9, 1988",7 years
378,Bogdan Bogdanović,bogdabo01,198,99,-1,1,-1,-1,-1,8529386.0,Right,"October 23, 2017","August 18, 1992",5 years
379,Corey Brewer,breweco01,206,84,-1,2,1,3,-1,289803.0,Right,"November 2, 2007","March 5, 1986",13 years
380,Dewayne Dedmon,dedmode01,213,111,-1,-1,-1,-1,1,13333333.0,Right,"November 18, 2013","August 12, 1989",9 years
381,Yogi Ferrell,ferreyo01,183,80,1,2,-1,-1,-1,3150000.0,Right,"November 9, 2016","May 9, 1993",5 years
382,De'Aaron Fox,foxde01,190,83,1,-1,-1,-1,-1,6392760.0,Left,"October 18, 2017","December 20, 1997",5 years
383,Harry Giles,gilesha01,211,108,-1,-1,-1,2,1,2578800.0,Right,"October 17, 2018","April 22, 1998",3 years
384,Kyle Guy,guyky01,185,75,2,1,-1,-1,-1,,Right,"January 10, 2020","August 11, 1997",3 years
385,Buddy Hield,hieldbu01,193,99,-1,1,-1,-1,-1,4861208.0,Right,"October 26, 2016","December 17, 1992",6 years
386,Richaun Holmes,holmeri01,208,106,-1,-1,-1,2,1,4767000.0,Right,"October 28, 2015","October 15, 1993",7 years
387,Justin James,jamesju01,201,86,-1,-1,1,-1,-1,898310.0,Right,"October 25, 2019","January 24, 1997",2 years
388,DaQuan Jeffries,jeffrda01,196,104,-1,1,-1,-1,-1,,Right,"November 15, 2019","August 30, 1997",3 years
389,Cory Joseph,josepco01,190,90,1,2,-1,-1,-1,12000000.0,Right,"December 26, 2011","August 20, 1991",11 years
390,Alex Len,lenal01,213,113,-1,-1,-1,-1,1,4160000.0,Right,"October 30, 2013","June 16, 1993",9 years
391,Eric Mika,mikaer01,208,104,-1,-1,-1,-1,1,50752.0,Right,"February 1, 2020","January 5, 1995",1 year
392,Jabari Parker,parkeja01,203,111,-1,-1,-1,1,-1,6500000.0,Right,"October 29, 2014","March 15, 1995",8 years
393,Al-Farouq Aminu,aminual01,203,99,-1,-1,2,1,-1,9258000.0,Right,"October 27, 2010","September 21, 1990",11 years
394,D.J. Augustin,augusdj01,180,83,1,-1,-1,-1,-1,7250000.0,Right,"October 30, 2008","November 10, 1987",14 years
395,Mo Bamba,bambamo01,213,104,-1,-1,-1,-1,1,5697600.0,Right,"October 17, 2018","May 12, 1998",4 years
396,Khem Birch,birchkh01,206,105,-1,-1,-1,-1,1,3000000.0,Right,"October 21, 2017","September 28, 1992",5 years
397,Michael Carter-Williams,cartemi01,196,86,1,2,-1,-1,-1,2028594.0,Right,"October 30, 2013","October 10, 1991",8 years
398,Evan Fournier,fournev01,201,92,-1,1,2,-1,-1,17000000.0,Right,"October 31, 2012","October 29, 1992",10 years
399,Melvin Frazier,frazime01,196,97,-1,1,-1,-1,-1,1416852.0,Left,"November 2, 2018","August 30, 1996",3 years
400,Markelle Fultz,fultzma01,190,94,1,2,-1,-1,-1,9745200.0,Right,"October 18, 2017","May 29, 1998",5 years
401,Aaron Gordon,gordoaa01,203,106,-1,-1,2,1,-1,19863636.0,Right,"October 28, 2014","September 16, 1995",8 years
402,Jonathan Isaac,isaacjo01,211,104,-1,-1,-1,1,-1,5806440.0,Right,"October 18, 2017","October 3, 1997",3 years
403,Wes Iwundu,iwundwe01,198,88,-1,-1,1,-1,-1,1618520.0,Right,"October 21, 2017","December 20, 1994",5 years
404,Amile Jefferson,jeffeam01,206,100,-1,-1,-1,1,-1,1519851.0,Right,"December 31, 2018","May 7, 1993",2 years
405,B.J. Johnson,johnsbj01,201,90,-1,-1,1,-1,-1,,Left,"March 3, 2019","December 21, 1995",3 years
406,Vic Law,lawvi01,201,90,-1,-1,-1,1,-1,,Right,"January 26, 2020","December 19, 1995",1 year
407,Josh Magette,magetjo01,185,72,1,-1,-1,-1,-1,81678.0,Left,"October 18, 2017","November 28, 1989",2 years
408,Terrence Ross,rosste01,198,93,-1,1,2,-1,-1,12500000.0,Right,"October 31, 2012","February 5, 1991",10 years
409,Nikola Vučević,vucevni01,208,117,-1,-1,-1,-1,1,28000000.0,Right,"December 28, 2011","October 24, 1990",11 years
410,DeAndre' Bembry,bembrde01,196,95,-1,2,1,-1,-1,2603982.0,Right,"October 27, 2016","July 4, 1994",6 years
411,Charlie Brown Jr.,brownch02,198,90,-1,1,-1,-1,-1,,Right,"November 6, 2019","February 2, 1997",3 years
412,Vince Carter,cartevi01,198,99,-1,1,2,3,-1,2564753.0,Right,"February 5, 1999","January 26, 1977",22 years
413,John Collins,collijo01,206,106,-1,-1,-1,1,-1,2686560.0,Right,"October 18, 2017","September 23, 1997",5 years
414,Allen Crabbe,crabbal01,196,96,-1,1,2,-1,-1,17818456.0,Right,"November 1, 2013","April 9, 1992",7 years
415,Bruno Fernando,fernabr01,206,108,-1,-1,-1,-1,1,1400000.0,Right,"October 24, 2019","August 15, 1998",3 years
416,Brandon Goodwin,goodwbr01,183,81,1,-1,-1,-1,-1,522738.0,Right,"December 18, 2018","October 2, 1995",4 years
417,Treveon Graham,grahatr01,196,99,-1,1,2,-1,-1,1645357.0,Right,"November 2, 2016","October 28, 1993",4 years
418,Kevin Huerter,huertke01,201,86,-1,1,2,-1,-1,2636280.0,Right,"October 17, 2018","August 27, 1998",4 years
419,De'Andre Hunter,huntede01,203,102,-1,-1,1,-1,-1,7068360.0,Right,"October 24, 2019","December 2, 1997",3 years
420,Damian Jones,jonesda03,211,111,-1,-1,-1,-1,1,2305057.0,Right,"December 10, 2016","June 30, 1995",6 years
421,Chandler Parsons,parsoch01,206,104,-1,-1,1,2,-1,25102511.0,Right,"December 29, 2011","October 25, 1988",9 years
422,Cam Reddish,reddica01,203,98,-1,-1,1,-1,-1,4245720.0,Right,"October 24, 2019","September 1, 1999",3 years
423,Jeff Teague,teaguje01,190,88,1,-1,-1,-1,-1,19000000.0,Right,"October 28, 2009","June 10, 1988",12 years
424,Evan Turner,turneev01,198,99,3,2,1,-1,-1,18606557.0,Right,"October 27, 2010","October 27, 1988",10 years
425,Tyrone Wallace,wallaty01,196,89,2,1,-1,-1,-1,502491.0,Left,"January 6, 2018","June 10, 1994",4 years
426,Trae Young,youngtr01,185,74,1,-1,-1,-1,-1,6273000.0,Right,"October 17, 2018","September 19, 1998",4 years
427,Jarrett Culver,culveja01,198,88,-1,1,-1,-1,-1,5813640.0,Right,"October 23, 2019","February 20, 1999",3 years
428,Jacob Evans,evansja02,193,95,-1,1,-1,-1,-1,1925880.0,Right,"October 22, 2018","June 18, 1997",2 years
429,Jake Layman,laymaja01,203,94,-1,-1,1,-1,-1,3581986.0,Right,"November 1, 2016","March 7, 1994",6 years
430,Kelan Martin,martike03,196,104,-1,-1,1,-1,-1,,Right,"October 25, 2019","August 3, 1995",3 years
431,Jordan McLaughlin,mclaujo01,180,83,1,-1,-1,-1,-1,,Right,"November 6, 2019","April 9, 1996",3 years
432,Jaylen Nowell,nowelja01,193,91,-1,1,-1,-1,-1,1400000.0,Right,"November 6, 2019","July 9, 1999",3 years
433,Josh Okogie,okogijo01,193,96,-1,1,-1,-1,-1,2530680.0,Right,"October 20, 2018","September 1, 1998",4 years
434,Naz Reid,reidna01,206,119,-1,-1,-1,-1,1,898310.0,Right,"December 8, 2019","August 26, 1999",3 years
435,D'Angelo Russell,russeda01,193,87,1,-1,-1,-1,-1,27285000.0,Left,"October 28, 2015","February 23, 1996",7 years
436,Karl-Anthony Towns,townska01,211,112,-1,-1,-1,-1,1,27285000.0,Right,"October 28, 2015","November 15, 1995",7 years
437,Andrew Wiggins,wiggian01,201,89,-1,-1,1,2,-1,27504630.0,Right,"October 29, 2014","February 23, 1995",8 years
438,Jordan Bone,bonejo01,188,81,1,-1,-1,-1,-1,,Right,"November 4, 2019","November 5, 1997",2 years
439,Bruce Brown,brownbr01,193,91,1,3,2,-1,-1,1416852.0,Right,"October 17, 2018","August 15, 1996",4 years
440,Sekou Doumbouya,doumbse01,203,104,-1,-1,-1,1,-1,3285120.0,Right,"November 23, 2019","December 23, 2000",3 years
441,Andre Drummond,drumman01,208,126,-1,-1,-1,-1,1,27093019.0,Right,"October 31, 2012","August 10, 1993",10 years
442,Tim Frazier,fraziti01,183,77,1,-1,-1,-1,-1,1882867.0,Right,"February 6, 2015","November 1, 1990",8 years
443,Langston Galloway,gallola01,185,90,2,1,-1,-1,-1,7333333.0,Right,"January 7, 2015","December 9, 1991",8 years
444,Blake Griffin,griffbl01,206,113,-1,-1,-1,1,2,34234964.0,Right,"October 27, 2010","March 16, 1989",12 years
445,John Henson,hensojo01,206,99,-1,-1,-1,2,1,9732396.0,Right,"November 7, 2012","December 28, 1990",8 years
446,Luke Kennard,kennalu01,196,93,-1,1,-1,-1,-1,3827160.0,Left,"October 20, 2017","June 24, 1996",5 years
447,Louis King,kinglo02,201,92,-1,-1,1,-1,-1,,Right,"December 26, 2019","April 6, 1999",3 years
448,Brandon Knight,knighbr03,188,82,1,2,-1,-1,-1,15643750.0,Right,"December 26, 2011","December 2, 1991",9 years
449,Thon Maker,makerth01,213,100,-1,-1,-1,2,1,3569643.0,Right,"October 30, 2016","February 25, 1997",5 years
450,Svi Mykhailiuk,mykhasv01,201,92,-1,2,1,-1,-1,1416852.0,Right,"October 22, 2018","June 10, 1997",4 years
451,Derrick Rose,rosede01,188,90,1,-1,-1,-1,-1,7317073.0,Right,"October 28, 2008","October 4, 1988",13 years
452,Tony Snell,snellto01,198,96,-1,1,2,-1,-1,11392857.0,Right,"October 29, 2013","November 10, 1991",9 years
453,Khyri Thomas,thomakh01,190,95,-1,1,-1,-1,-1,1416852.0,Right,"November 9, 2018","May 8, 1996",3 years
454,Christian Wood,woodch01,208,97,-1,-1,-1,1,2,1645357.0,Right,"October 28, 2015","September 27, 1995",6 years
455,Kadeem Allen,allenka01,185,90,1,-1,-1,-1,-1,,Right,"December 11, 2017","January 15, 1993",3 years
456,RJ Barrett,barrerj01,198,97,-1,1,2,-1,-1,7839960.0,Left,"October 23, 2019","June 14, 2000",3 years
457,Ignas Brazdeikis,brazdig01,198,100,-1,-1,1,-1,-1,898310.0,Left,"November 3, 2019","January 8, 1999",3 years
458,Reggie Bullock,bullore01,198,92,-1,2,1,-1,-1,4000000.0,Right,"October 29, 2013","March 16, 1991",9 years
459,Damyean Dotson,dotsoda01,196,95,-1,1,-1,-1,-1,1618520.0,Right,"October 19, 2017","May 6, 1994",5 years
460,Wayne Ellington,ellinwa01,193,93,-1,1,-1,-1,-1,8000000.0,Right,"October 28, 2009","November 29, 1987",13 years
461,Taj Gibson,gibsota01,206,105,-1,-1,-1,1,2,9800000.0,Right,"October 29, 2009","June 24, 1985",13 years
462,Kevin Knox,knoxke01,201,97,-1,-1,1,2,-1,4380120.0,Right,"October 17, 2018","August 11, 1999",4 years
463,Frank Ntilikina,ntilila01,193,90,1,2,-1,-1,-1,4855800.0,Right,"October 19, 2017","July 28, 1998",5 years
464,Elfrid Payton,paytoel01,190,88,1,-1,-1,-1,-1,8000000.0,Right,"October 28, 2014","February 22, 1994",8 years
465,Bobby Portis,portibo01,208,113,-1,-1,-1,1,2,15000000.0,Right,"November 3, 2015","February 10, 1995",7 years
466,Julius Randle,randlju01,203,113,-1,-1,-1,1,2,18000000.0,Left,"October 28, 2014","November 29, 1994",8 years
467,Mitchell Robinson,robinmi01,213,108,-1,-1,-1,-1,1,1559712.0,Right,"October 17, 2018","April 1, 1998",4 years
468,Dennis Smith Jr.,smithde03,188,92,1,-1,-1,-1,-1,4463640.0,Right,"October 18, 2017","November 25, 1997",5 years
469,Allonzo Trier,trieral01,193,90,-1,1,-1,-1,-1,3551100.0,Right,"October 17, 2018","January 17, 1996",2 years
470,Marques Bolden,boldema01,208,112,-1,-1,-1,-1,1,50752.0,Right,"February 1, 2020","April 17, 1998",2 years
471,Matthew Dellavedova,dellama01,190,90,1,2,-1,-1,-1,9607500.0,Right,"November 2, 2013","September 8, 1990",8 years
472,Darius Garland,garlada01,185,87,1,2,-1,-1,-1,6400920.0,Right,"October 23, 2019","January 26, 2000",3 years
473,Kevin Love,loveke01,203,113,-1,-1,-1,1,2,28942830.0,Right,"October 29, 2008","September 7, 1988",14 years
474,J.P. Macura,macurjp01,196,92,-1,1,-1,-1,-1,106184.0,Right,"January 2, 2019","June 5, 1995",2 years
475,Alfonzo McKinnie,mckinal01,201,97,-1,-1,1,-1,-1,2391985.0,Right,"October 19, 2017","September 17, 1992",5 years
476,Matt Mooney,moonema01,190,90,-1,1,-1,-1,-1,,Right,"January 20, 2020","February 7, 1997",2 years
477,Larry Nance Jr.,nancela02,201,111,-1,-1,-1,1,2,12727273.0,Right,"November 6, 2015","January 1, 1993",7 years
478,Malik Newman,newmama01,190,86,1,2,-1,-1,-1,65978.0,Right,"February 9, 2020","February 21, 1997",2 years
479,Cedi Osman,osmande01,201,104,-1,-1,1,-1,-1,2907143.0,Right,"October 20, 2017","April 8, 1995",5 years
480,Kevin Porter Jr.,porteke02,193,92,2,1,3,-1,-1,1290960.0,Left,"October 23, 2019","May 4, 2000",3 years
481,Collin Sexton,sextoco01,185,86,2,1,-1,-1,-1,4764960.0,Right,"October 17, 2018","January 4, 1999",4 years
482,Tristan Thompson,thomptr01,206,115,-1,-1,-1,1,2,18539130.0,Left Right,"December 26, 2011","March 13, 1991",11 years
483,Dean Wade,wadede01,206,103,-1,-1,-1,1,-1,375000.0,Right,"November 18, 2019","November 20, 1996",3 years
484,Ante Žižić,zizican01,208,120,-1,-1,-1,-1,1,2281800.0,Right,"October 21, 2017","January 4, 1997",3 years
485,Ryan Arcidiacono,arcidry01,190,88,1,-1,-1,-1,-1,3000000.0,Right,"October 19, 2017","March 26, 1994",5 years
486,Wendell Carter Jr.,cartewe01,208,122,-1,-1,-1,2,1,5201400.0,Right,"October 18, 2018","April 16, 1999",4 years
487,Kris Dunn,dunnkr01,190,92,1,-1,-1,-1,-1,5348007.0,Right,"October 26, 2016","March 18, 1994",6 years
488,Cristiano Felício,feliccr01,211,122,-1,-1,-1,-1,1,8156500.0,Right,"November 9, 2015","July 7, 1992",6 years
489,Daniel Gafford,gaffoda01,208,106,-1,-1,-1,2,1,898310.0,Right,"October 26, 2019","October 1, 1998",3 years
490,Shaquille Harrison,harrish01,201,86,2,1,-1,-1,-1,898310.0,Left,"February 23, 2018","October 6, 1993",5 years
491,Chandler Hutchison,hutchch01,198,95,-1,-1,1,-1,-1,2332320.0,Right,"October 18, 2018","April 26, 1996",4 years
492,Luke Kornet,kornelu01,218,113,-1,-1,-1,2,1,2250000.0,Right,"February 8, 2018","July 15, 1995",5 years
493,Zach LaVine,lavinza01,196,90,3,1,2,-1,-1,19500000.0,Right,"October 30, 2014","March 10, 1995",8 years
494,Lauri Markkanen,markkla01,213,108,-1,-1,2,1,-1,5300400.0,Right,"October 19, 2017","May 22, 1997",5 years
495,Adam Mokoka,mokokad01,193,86,-1,1,2,-1,-1,,Right,"December 28, 2019","July 18, 1998",2 years
496,Otto Porter Jr.,porteot01,203,89,-1,-1,1,2,-1,27250576.0,Right,"December 6, 2013","June 3, 1993",9 years
497,Tomáš Satoranský,satorto01,201,95,2,1,3,-1,-1,9375000.0,Right,"October 27, 2016","October 30, 1991",6 years
498,Max Strus,strusma01,196,97,-1,-1,1,-1,-1,415414.0,Right,"November 22, 2019","March 28, 1996",3 years
499,Denzel Valentine,valende01,193,99,-1,1,2,-1,-1,3377569.0,Right,"October 29, 2016","November 16, 1993",5 years
500,Coby White,whiteco01,196,88,1,-1,-1,-1,-1,5307120.0,Right,"October 23, 2019","February 16, 2000",3 years
501,Thaddeus Young,youngth01,203,106,-1,-1,-1,1,-1,12900000.0,Left,"November 7, 2007","June 21, 1988",15 years
502,Ky Bowman,bowmaky01,185,84,1,-1,-1,-1,-1,350189.0,Right,"October 24, 2019","June 16, 1997",1 year
503,Marquese Chriss,chrisma01,206,108,-1,-1,-1,1,-1,1413272.0,Right,"October 26, 2016","July 2, 1997",6 years
504,Stephen Curry,curryst01,188,83,1,-1,-1,-1,-1,40231758.0,Right,"October 28, 2009","March 14, 1988",13 years
505,Draymond Green,greendr01,198,104,-1,-1,2,1,-1,18539130.0,Right,"October 31, 2012","March 4, 1990",10 years
506,Damion Lee,leeda03,196,95,-1,1,-1,-1,-1,842327.0,Right,"March 13, 2018","October 21, 1992",5 years
507,Kevon Looney,looneke01,206,100,-1,-1,-1,2,1,4464286.0,Right,"January 27, 2016","February 6, 1996",7 years
508,Mychal Mulder,muldemy01,190,83,1,-1,2,-1,-1,238534.0,Right,"February 27, 2020","June 12, 1994",3 years
509,Jeremy Pargo,pargoje01,188,99,1,2,-1,-1,-1,91557.0,Right,"December 26, 2011","March 17, 1986",3 years
510,Eric Paschall,pascher01,198,115,-1,-1,-1,1,-1,898310.0,Right,"October 24, 2019","November 4, 1996",3 years
511,Jordan Poole,poolejo01,193,87,-1,1,-1,-1,-1,1964760.0,Right,"October 24, 2019","June 19, 1999",3 years
512,Chasson Randle,randlch01,188,83,1,-1,-1,-1,-1,91557.0,Right,"January 14, 2017","February 5, 1993",4 years
513,Alen Smailagić,smailal01,208,97,-1,-1,-1,1,2,898310.0,Right,"December 27, 2019","August 18, 2000",2 years
514,Omari Spellman,spellom01,203,111,-1,-1,-1,2,1,1897800.0,Right,"October 17, 2018","July 21, 1997",2 years
515,Juan Toscano-Anderson,toscaju01,198,94,-1,2,1,-1,-1,350189.0,Right,"February 8, 2020","April 10, 1993",3 years
516,Dwayne Bacon,bacondw01,198,100,-1,1,-1,-1,-1,1618520.0,Right,"October 18, 2017","August 30, 1995",4 years
517,Nicolas Batum,batumni01,203,104,-1,2,1,3,-1,25565217.0,Right,"October 28, 2008","December 14, 1988",14 years
518,Bismack Biyombo,biyombi01,203,115,-1,-1,-1,-1,1,17000000.0,Right,"December 26, 2011","August 28, 1992",11 years
519,Miles Bridges,bridgmi02,198,102,-1,-1,2,1,-1,3755400.0,Left,"October 17, 2018","March 21, 1998",4 years
520,Joe Chealey,chealjo01,190,86,1,-1,-1,-1,-1,163356.0,Right,"January 30, 2019","November 1, 1995",2 years
521,Devonte' Graham,grahade01,185,88,1,-1,-1,-1,-1,1416852.0,Right,"October 22, 2018","February 22, 1995",4 years
522,Willy Hernangómez,hernawi01,211,113,-1,-1,-1,-1,1,1676735.0,Right,"October 25, 2016","May 27, 1994",6 years
523,Caleb Martin,martica02,196,92,-1,-1,1,-1,-1,842166.0,Right,"October 25, 2019","September 28, 1995",3 years
524,Cody Martin,martico01,196,92,-1,-1,1,-1,-1,1173310.0,Right,"October 25, 2019","September 28, 1995",3 years
525,Jalen McDaniels,mcdanja01,206,92,-1,-1,1,-1,-1,898310.0,Right,"October 25, 2019","January 31, 1998",3 years
526,Malik Monk,monkma01,190,90,-1,1,-1,-1,-1,4028400.0,Right,"October 18, 2017","February 4, 1998",5 years
527,Terry Rozier,roziete01,185,86,1,2,-1,-1,-1,19894737.0,Right,"October 28, 2015","March 17, 1994",7 years
528,P.J. Washington,washipj01,201,104,-1,-1,-1,1,2,3831840.0,Right,"October 23, 2019","August 23, 1998",3 years
529,Cody Zeller,zelleco01,211,108,-1,-1,-1,-1,1,14471910.0,Right,"October 30, 2013","October 5, 1992",9 years
