,Name,Id,height,weights,role,role_2,salary,shoots,debut,birth
0,Jaylen Adams,adamsja01,183,102,Point Guard,,500210.0,Right,,May 4 1996
1,Giannis Antetokounmpo,antetgi01,211,109,Power Forward Small Forward Point Guard,Shooting Guard,147960110.0,Right,,December 6 1994
2,Thanasis Antetokounmpo,antetth01,198,99,Small Forward,,4982395.0,Right,,July 18 1992
3,D.J. Augustin,augusdj01,180,83,Point Guard,,64427444.0,Right,,November 10 1987
4,Elijah Bryant,bryanel01,196,95,Shooting Guard,,24611.0,Right,,April 19 1995
5,Pat Connaughton,connapa01,196,94,Shooting Guard,Small Forward,16506767.0,Right,,January 6 1993
6,Torrey Craig,craigto01,201,100,Small Forward,,10498613.0,Right,,December 19 1990
7,Mamadi Diakite,diakima01,206,103,Power Forward,,1200407.0,Right,,January 21 1997
8,Donte DiVincenzo,divindo01,193,92,Shooting Guard,,13106790.0,Right,,January 31 1997
9,Bryn Forbes,forbebr01,188,92,Shooting Guard,,14693227.0,Right,,July 23 1993
10,Jrue Holiday,holidjr01,190,92,Point Guard,Shooting Guard,182361829.0,Right,,June 12 1990
11,Justin Jackson,jacksju01,203,99,Small Forward,Power Forward,13792503.0,Right,,March 28 1995
12,Rodions Kurucs,kurucro01,206,103,Small Forward,Power Forward,5097708.0,Right,,February 5 1998
13,Brook Lopez,lopezbr01,213,127,Center,,159179511.0,Right,,April 1 1988
14,Sam Merrill,merrisa01,193,92,Shooting Guard,,2416291.0,Right,,May 15 1996
15,Khris Middleton,middlkh01,201,100,Small Forward,Shooting Guard,158632891.0,Right,,August 12 1991
16,Jordan Nwora,nworajo01,203,102,Small Forward,,2416291.0,Right,,September 9 1998
17,Bobby Portis,portibo01,208,113,Power Forward,Center,29826106.0,Right,,February 10 1995
18,Jeff Teague,teaguje01,190,88,Point Guard,,98794870.0,Right,,June 10 1988
19,Axel Toupane,toupaax01,201,89,Small Forward,,245581.0,Right,,July 23 1992
20,P.J. Tucker,tuckepj01,196,111,Small Forward Power Forward,Shooting Guard,57437354.0,Right,,May 5 1985
21,D.J. Wilson,wilsodj01,208,104,Power Forward,,12487213.0,Right,,February 19 1996
22,LaMarcus Aldridge,aldrila01,211,113,Power Forward,Center,215912616.0,Right,,July 19 1985
23,Jarrett Allen,allenja01,211,110,Center,,30034582.0,Right,,April 21 1998
24,Bruce Brown,brownbr01,193,91,Point Guard Small Forward,Shooting Guard,8655279.0,Right,,August 15 1996
25,Chris Chiozza,chiozch01,180,79,Point Guard,,137376.0,Right,,November 21 1995
26,Nic Claxton,claxtni01,211,97,Center,,4198912.0,Left,,April 17 1999
27,Tyler Cook,cookty01,203,115,Power Forward,Small Forward,844645.0,Right,,September 23 1997
28,Spencer Dinwiddie,dinwisp01,196,97,Point Guard,Shooting Guard,44654633.0,Right,,April 6 1993
29,Kevin Durant,duranke01,208,108,Small Forward Power Forward,Shooting Guard,307385868.0,Right,,September 29 1988
30,Jeff Green,greenje02,203,106,Power Forward Small Forward,Center,80294563.0,Right,,August 28 1986
31,Blake Griffin,griffbl01,206,113,Power Forward,Center,258368568.0,Right,,March 16 1989
32,James Harden,hardeja01,196,99,Shooting Guard,Point Guard,271996502.0,Left,,August 26 1989
33,Joe Harris,harrijo01,198,99,Shooting Guard,Small Forward,53663246.0,Right,,September 6 1991
34,Kyrie Irving,irvinky01,188,88,Point Guard,,194822757.0,Right,,March 23 1992
35,Mike James,jamesmi02,185,85,Point Guard,,325200.0,Right,,August 18 1990
36,Alize Johnson,johnsal02,201,96,Power Forward,,3880641.0,Right,,April 22 1996
37,Tyler Johnson,johnsty01,190,84,Point Guard,Shooting Guard,53443130.0,Left,,May 7 1992
38,DeAndre Jordan,jordade01,211,120,Center,,162751692.0,Left,,July 21 1988
39,Caris LeVert,leverca01,198,92,Shooting Guard,Small Forward,41226982.0,Right,,August 25 1994
40,Timothé Luwawu-Cabarrot,luwawti01,201,99,Small Forward,,8866034.0,Right,,May 9 1995
41,Norvel Pelle,pelleno01,208,104,Center,,1556954.0,Right,,February 3 1993
42,Reggie Perry,perryre01,203,113,Power Forward,,273850.0,Right,,March 21 2000
43,Taurean Prince,princta02,201,98,Power Forward,Small Forward,35999666.0,Right,,March 22 1994
44,Andre Roberson,roberan03,201,95,Shooting Guard,Small Forward,35940408.0,Right,,December 4 1991
45,Landry Shamet,shamela01,193,86,Shooting Guard,,9557142.0,Right,,March 13 1997
46,Iman Shumpert,shumpim01,196,97,Shooting Guard Small Forward,Point Guard,48590124.0,Right,,June 26 1990
47,Noah Vonleh,vonleno01,208,116,Power Forward,Center,15303923.0,Right,,August 24 1995
48,Deni Avdija,avdijde01,206,95,Small Forward,,9162000.0,Right,,January 3 2001
49,Bradley Beal,bealbr01,193,93,Shooting Guard,,177854711.0,Right,,June 28 1993
50,Jordan Bell,belljo01,203,97,Center,,4969310.0,Right,,January 7 1995
51,Dāvis Bertāns,bertada01,208,102,Power Forward,,46856082.0,Right,,November 12 1992
52,Isaac Bonga,bongais01,203,81,Small Forward,Point Guard,5809930.0,Right,,November 8 1999
53,Troy Brown Jr.,browntr01,198,97,Small Forward,,14511964.0,Right,,July 28 1999
54,Thomas Bryant,bryanth01,208,112,Center,,27193857.0,Right,,July 31 1997
55,Daniel Gafford,gaffoda01,208,106,Center,Power Forward,4198912.0,Right,,October 1 1998
56,Anthony Gill,gillan01,201,104,Power Forward,,2416291.0,Right,,October 17 1992
57,Rui Hachimura,hachiru01,203,104,Power Forward,,14078160.0,Right,,February 8 1998
58,Chandler Hutchison,hutchch01,198,95,Small Forward,,10786739.0,Right,,April 26 1996
59,Alex Len,lenal01,213,113,Center,,35726352.0,Right,,June 16 1993
60,Robin Lopez,lopezro01,213,127,Center,,96459944.0,Right,,April 1 1988
61,Garrison Mathews,mathega01,196,97,Shooting Guard,,2000000.0,Right,,October 24 1996
62,Raul Neto,netora01,185,81,Point Guard,,11006339.0,Right,,May 19 1992
63,Anžejs Pasečņiks,pasecan01,216,103,Center,,856441.0,Right,,December 20 1995
64,Jerome Robinson,robinje01,193,86,Shooting Guard,,10351440.0,Right,,February 22 1997
65,Ish Smith,smithis01,183,79,Point Guard,,40481480.0,Right,,July 5 1988
66,Moritz Wagner,wagnemo01,211,111,Center,,7938732.0,Right,,April 26 1997
67,Russell Westbrook,westbru01,190,90,Point Guard,,291976692.0,Right,,November 12 1988
68,Cassius Winston,winstca01,185,83,Point Guard,,0.0,Right,,February 28 1998
69,Udoka Azubuike,azubuud01,208,127,Center,,4052880.0,Right,,September 17 1999
70,Bojan Bogdanović,bogdabo02,201,102,Small Forward,Power Forward,84597163.0,Right,,April 18 1989
71,Jarrell Brantley,brantja01,196,113,Power Forward,,84414.0,Right,,June 7 1996
72,Jordan Clarkson,clarkjo01,193,87,Shooting Guard,Point Guard,75272395.0,Right,,June 7 1992
73,Mike Conley,conlemi01,185,79,Point Guard,,229812026.0,Left,,October 11 1987
74,Derrick Favors,favorde01,206,120,Power Forward,Center,119783722.0,Right,,July 15 1991
75,Trent Forrest,forretr01,193,95,Point Guard,,8558.0,Right,,June 12 1998
76,Rudy Gobert,goberru01,216,117,Center,,138598196.0,Right,,June 26 1992
77,Shaquille Harrison,harrish01,201,86,Shooting Guard,Point Guard,3605661.0,Left,,October 6 1993
78,Elijah Hughes,hugheel01,196,97,Small Forward,Shooting Guard,2416291.0,Right,,March 10 1998
79,Ersan İlyasova,ilyaser01,206,106,Power Forward,,68722811.0,Right,,May 15 1987
80,Joe Ingles,inglejo01,203,99,Small Forward,Power Forward,66696543.0,Left,,October 2 1987
81,Donovan Mitchell,mitchdo01,185,97,Shooting Guard,Point Guard,42667521.0,Right,,September 7 1996
82,Juwan Morgan,morgaju01,201,105,Power Forward,,2475081.0,Right,,April 17 1997
83,Georges Niang,niangge01,201,104,Power Forward,,9025012.0,Right,,June 17 1993
84,Royce O'Neale,onealro01,193,102,Small Forward,,21112377.0,Right,,June 5 1993
85,Miye Oni,onimi01,196,93,Shooting Guard,Small Forward,2507302.0,Right,,August 4 1997
86,Matt Thomas,thomama02,193,86,Shooting Guard,,4085469.0,Right,,August 4 1994
87,Carmelo Anthony,anthoca01,201,107,Small Forward,Power Forward,266350839.0,Right,,May 29 1984
88,Keljin Blevins,blevike01,193,90,Small Forward,,0.0,Right,,November 24 1995
89,Robert Covington,covinro01,201,94,Small Forward Power Forward,Center,66742926.0,Right,,December 14 1990
90,CJ Elleby,ellebcj01,198,90,Small Forward,,2416291.0,Left,,June 16 2000
91,Enes Freedom,kanteen01,208,113,Center,,104579345.0,Right,,May 20 1992
92,Harry Giles,gilesha01,211,108,Center,Power Forward,8265804.0,Right,,April 22 1998
93,Rondae Hollis-Jefferson,holliro01,198,98,Small Forward,Power Forward,9605710.0,Left,,January 3 1995
94,Rodney Hood,hoodro01,203,94,Shooting Guard Small Forward,Power Forward,27910066.0,Left,,October 20 1992
95,Derrick Jones Jr.,jonesde02,196,95,Small Forward,Power Forward,23080787.0,Left,,February 15 1997
96,T.J. Leaf,leaftj01,208,100,Power Forward,,11576025.0,Right,,April 30 1997
97,Damian Lillard,lillada01,188,88,Point Guard,,193078512.0,Right,,July 15 1990
98,Nassir Little,littlna01,196,99,Power Forward,Small Forward,6632400.0,Right,,February 11 2000
99,CJ McCollum,mccolcj01,190,86,Shooting Guard,,147980107.0,Right,,September 19 1991
100,Jusuf Nurkić,nurkiju01,211,131,Center,,56473305.0,Right,,August 23 1994
101,Norman Powell,powelno01,190,97,Shooting Guard,Small Forward,48862988.0,Right,,May 25 1993
102,Anfernee Simons,simonan01,190,82,Shooting Guard,,10175938.0,Right,,June 8 1999
103,Gary Trent Jr.,trentga02,196,94,Shooting Guard,Small Forward,19919177.0,Right,,January 18 1999
104,Goga Bitadze,bitadgo01,211,113,Center,,8872680.0,Right,,July 20 1999
105,Brian Bowen,bowenbr02,198,86,Small Forward,,0.0,Right,,October 2 1998
106,Amida Brimah,brimaam01,208,104,Center,,0.0,Right,,February 11 1994
107,Oshae Brissett,brissos01,201,95,Small Forward,,2957086.0,Right,,June 20 1998
108,Malcolm Brogdon,brogdma01,196,103,Point Guard,Shooting Guard,66182562.0,Right,,December 11 1992
109,Aaron Holiday,holidaa01,183,83,Point Guard,,10477351.0,Right,,September 30 1996
110,Justin Holiday,holidju01,198,81,Shooting Guard,Small Forward,28273299.0,Right,,April 5 1989
111,Jeremy Lamb,lambje01,196,81,Shooting Guard,Small Forward,61867716.0,Right,,May 30 1992
112,Jalen Lecque,lecquja01,193,83,Point Guard,Shooting Guard,2416291.0,Right,,June 13 2000
113,Kelan Martin,martike03,196,104,Small Forward,,993760.0,Right,,August 3 1995
114,T.J. McConnell,mccontj01,185,86,Point Guard,,18971631.0,Right,,March 25 1992
115,Doug McDermott,mcderdo01,201,102,Small Forward,Power Forward,46186435.0,Right,,January 3 1992
116,Victor Oladipo,oladivi01,193,96,Shooting Guard,Point Guard,107877081.0,Right,,May 4 1992
117,Domantas Sabonis,sabondo01,211,108,Power Forward,Center,49479555.0,Left,,May 3 1996
118,JaKarr Sampson,sampsja02,201,97,Small Forward,Power Forward,5084124.0,Right,,March 20 1993
119,Cassius Stanley,stanlca01,196,86,Shooting Guard,,256734.0,Right,,August 18 1999
120,Edmond Sumner,sumneed01,193,88,Shooting Guard,Point Guard,6929794.0,Right,,December 31 1995
121,Myles Turner,turnemy01,211,113,Center,,63301804.0,Right,,March 24 1996
122,T.J. Warren,warretj01,203,99,Small Forward,,56526051.0,Right,,September 5 1993
123,Ty-Shon Alexander,alexaty01,190,88,Shooting Guard,,0.0,Right,,July 16 1998
124,Deandre Ayton,aytonde01,211,113,Center,,40379230.0,Right,,July 23 1998
125,Devin Booker,bookede01,196,93,Shooting Guard,,98388565.0,Right,,October 30 1996
126,Mikal Bridges,bridgmi01,198,94,Small Forward,,17630685.0,Right,,August 30 1996
127,Jevon Carter,carteje01,185,90,Point Guard,,10287465.0,Right,,September 14 1995
128,Jae Crowder,crowdja01,198,106,Small Forward,Power Forward,55487389.0,Right,,July 6 1990
129,Langston Galloway,gallola01,185,90,Shooting Guard,Point Guard,29287512.0,Right,,December 9 1991
130,Cameron Johnson,johnsca02,203,95,Power Forward,,12705600.0,Right,,March 3 1996
131,Damian Jones,jonesda03,211,111,Center,,9778432.0,Right,,June 30 1995
132,Frank Kaminsky,kaminfr01,213,108,Center,Power Forward,20294954.0,Right,,April 4 1993
133,E'Twaun Moore,mooreet01,190,86,Shooting Guard,Point Guard,42345931.0,Right,,February 25 1989
134,Abdel Nader,naderab01,196,102,Small Forward,,7917045.0,Right,,September 25 1993
135,Chris Paul,paulch01,183,79,Point Guard,,331307923.0,Right,,May 6 1985
136,Cameron Payne,payneca01,185,83,Point Guard,Shooting Guard,18601096.0,Left,,August 8 1994
137,Dario Šarić,saricda01,208,102,Power Forward,Center,28509666.0,Right,,April 8 1994
138,Jalen Smith,smithja04,208,97,Power Forward,,8703720.0,Right,,March 16 2000
139,Will Barton,bartowi01,198,82,Shooting Guard,Small Forward,66609472.0,Right,,January 6 1991
140,Bol Bol,bolbo01,218,99,Power Forward,,4219392.0,Right,,November 16 1999
141,Facundo Campazzo,campafa01,178,88,Point Guard,,6075000.0,Right,,March 23 1991
142,Vlatko Čančar,cancavl01,203,107,Power Forward,,4198912.0,Right,,April 10 1997
143,Gary Clark,clarkga01,198,102,Power Forward,Small Forward,4401709.0,Right,,November 16 1994
144,PJ Dozier,doziepj01,198,92,Shooting Guard,Point Guard,3856771.0,Right,,October 25 1996
145,Aaron Gordon,gordoaa01,203,106,Power Forward,Small Forward,94019460.0,Right,,September 16 1995
146,JaMychal Green,greenja01,203,102,Power Forward,,38251936.0,Right,,June 21 1990
147,R.J. Hampton,hamptrj01,193,79,Shooting Guard,Point Guard,4496520.0,Right,,February 7 2001
148,Gary Harris,harriga01,193,95,Shooting Guard,,81312615.0,Right,,September 14 1994
149,Isaiah Hartenstein,harteis01,213,113,Center,Power Forward,5605097.0,Left,,May 5 1998
150,Markus Howard,howarma02,178,79,Shooting Guard,,0.0,Right,,March 3 1999
151,Nikola Jokić,jokicni01,211,128,Center,,115361091.0,Right,,February 19 1995
152,JaVale McGee,mcgeeja01,213,122,Center,,70692164.0,Right,,January 19 1988
153,Paul Millsap,millspa01,201,116,Power Forward,Center,195823761.0,Right,,February 10 1985
154,Monte Morris,morrimo01,188,83,Point Guard,,13510392.0,Right,,June 27 1995
155,Jamal Murray,murraja01,190,97,Point Guard,Shooting Guard,71263506.0,Right,,February 23 1997
156,Zeke Nnaji,nnajize01,206,108,Power Forward,,4878600.0,Right,,January 9 2001
157,Michael Porter Jr.,portemi01,208,98,Small Forward,,15093095.0,Right,,June 29 1998
158,Austin Rivers,riverau01,193,90,Shooting Guard,Point Guard,54473112.0,Right,,August 1 1992
159,Greg Whittington,whittgr01,203,95,Power Forward,,0.0,Right,,February 7 1993
160,Steven Adams,adamsst01,211,120,Center,,128833174.0,Right,,July 20 1993
161,Nickeil Alexander-Walker,alexani01,198,92,Shooting Guard,,9339480.0,Right,,September 2 1998
162,Lonzo Ball,balllo01,198,86,Point Guard,,52076273.0,Right,,October 27 1997
163,Eric Bledsoe,bledser01,185,97,Point Guard,Shooting Guard,126801423.0,Right,,December 9 1989
164,Wenyen Gabriel,gabriwe01,206,92,Power Forward,,3493595.0,Right,,March 26 1997
165,Josh Hart,hartjo01,196,97,Shooting Guard,Small Forward,20474999.0,Right,,March 6 1995
166,Jaxson Hayes,hayesja02,211,99,Center,,15315480.0,Right,,May 23 2000
167,Willy Hernangómez,hernawi01,211,113,Center,,9980220.0,Right,,May 27 1994
168,Brandon Ingram,ingrabr01,203,86,Small Forward,Power Forward,80576485.0,Right,,September 2 1997
169,Wes Iwundu,iwundwe01,198,88,Small Forward,,7652450.0,Right,,December 20 1994
170,James Johnson,johnsja01,201,108,Power Forward Small Forward,Center,79596697.0,Right,,February 20 1987
171,Kira Lewis Jr.,lewiski01,185,77,Point Guard,,7462440.0,Right,,April 6 2001
172,Didi Louzada,louzama01,196,85,Small Forward,Shooting Guard,1909934.0,Right,,February 7 1999
173,Will Magnay,magnawi01,208,106,Center,,0.0,Right,,June 10 1998
174,Naji Marshall,marshna01,201,99,Small Forward,,1637981.0,Right,,January 24 1998
175,Nicolò Melli,mellini01,206,107,Power Forward,Center,8000000.0,Right,,January 26 1991
176,James Nunnally,nunnaja01,201,94,Small Forward,,731868.0,Right,,July 14 1990
177,J.J. Redick,redicjj01,190,90,Shooting Guard,Point Guard,117908008.0,Right,,June 24 1984
178,Isaiah Thomas,thomais02,175,83,Point Guard,Shooting Guard,34408714.0,Left,,February 7 1989
179,Sindarius Thornwell,thornsi01,193,97,Shooting Guard,Small Forward,3320452.0,Right,,November 15 1994
180,Zion Williamson,willizi01,198,128,Power Forward,,30736320.0,Left,,July 6 2000
181,Nicolas Batum,batumni01,203,104,Small Forward Shooting Guard,Power Forward,167032122.0,Right,,December 14 1988
182,Patrick Beverley,beverpa01,185,81,Point Guard,Shooting Guard,65026034.0,Right,,July 12 1988
183,Amir Coffey,coffeam01,201,95,Shooting Guard,,153488.0,Left,,June 17 1997
184,DeMarcus Cousins,couside01,208,122,Center,,91910577.0,Right,,August 13 1990
185,Yogi Ferrell,ferreyo01,183,80,Point Guard,Shooting Guard,8340843.0,Right,,May 9 1993
186,Malik Fitts,fittsma01,203,104,Power Forward,,463746.0,Right,,July 4 1997
187,Paul George,georgpa01,203,99,Small Forward Shooting Guard,Power Forward,219731637.0,Right,,May 2 1990
188,Serge Ibaka,ibakase01,208,106,Power Forward,Center,139044562.0,Right,,September 18 1989
189,Reggie Jackson,jacksre01,188,94,Point Guard,Shooting Guard,97890175.0,Right,,April 16 1990
190,Mfiondu Kabengele,kabenmf01,206,113,Power Forward,Center,4428539.0,Right,,August 14 1997
191,Luke Kennard,kennalu01,196,93,Shooting Guard,,27862819.0,Left,,June 24 1996
192,Kawhi Leonard,leonaka01,201,102,Small Forward,,190962534.0,Right,,June 29 1991
193,Terance Mann,mannte01,196,97,Small Forward,Shooting Guard,4300605.0,Right,,October 18 1996
194,Marcus Morris,morrima03,203,98,Power Forward,Small Forward,74225409.0,Right,,September 2 1989
195,Daniel Oturu,oturuda01,203,108,Center,,2501869.0,Right,,September 20 1999
196,Patrick Patterson,pattepa01,203,106,Power Forward,,45399400.0,Right,,March 14 1989
197,Rajon Rondo,rondora01,185,81,Point Guard,,117897637.0,Right,,February 22 1986
198,Jay Scrubb,scrubja01,196,99,Shooting Guard,,0.0,Left,,September 1 2000
199,Lou Williams,willilo02,185,79,Point Guard,Shooting Guard,87208319.0,Right,,October 27 1986
200,Ivica Zubac,zubaciv01,213,108,Center,,24892518.0,Right,,March 18 1997
201,Marvin Bagley III,baglema01,211,106,Power Forward,Center,36137474.0,Left,,March 14 1999
202,Harrison Barnes,barneha02,203,102,Power Forward,Small Forward,148629017.0,Right,,May 30 1992
203,Nemanja Bjelica,bjeline01,208,106,Power Forward,Center,34314447.0,Right,,May 9 1988
204,Terence Davis,daviste02,193,91,Shooting Guard,,6416291.0,Right,,May 16 1997
205,De'Aaron Fox,foxde01,190,83,Point Guard,,52676007.0,Left,,December 20 1997
206,Kyle Guy,guyky01,185,75,Shooting Guard,Point Guard,191860.0,Right,,August 11 1997
207,Tyrese Haliburton,halibty01,196,83,Point Guard,Shooting Guard,7855440.0,Right,,February 29 2000
208,Maurice Harkless,harklma01,201,99,Small Forward,Power Forward,57794298.0,Right,,May 11 1993
209,Buddy Hield,hieldbu01,193,99,Shooting Guard,,63066755.0,Right,,December 17 1992
210,Richaun Holmes,holmeri01,208,106,Center,Power Forward,25304583.0,Right,,October 15 1993
211,Justin James,jamesju01,201,86,Small Forward,,2512221.0,Right,,January 24 1997
212,DaQuan Jeffries,jeffrda01,196,104,Shooting Guard,,1541627.0,Right,,August 30 1997
213,Cory Joseph,josepco01,190,90,Point Guard,Shooting Guard,67093141.0,Right,,August 20 1991
214,Louis King,kinglo02,201,92,Small Forward,,0.0,Right,,April 6 1999
215,Chimezie Metu,metuch01,206,102,Center,Power Forward,4768112.0,Right,,March 22 1997
216,Jabari Parker,parkeja01,203,111,Power Forward,,56838729.0,Right,,March 15 1995
217,Jahmi'us Ramsey,ramseja01,190,86,Shooting Guard,,2517981.0,Right,,June 9 2001
218,Glenn Robinson III,robingl02,198,100,Small Forward,Shooting Guard,10815938.0,Right,,January 8 1994
219,Chris Silva,silvach01,203,106,Power Forward,,2464549.0,Right,,September 19 1996
220,Hassan Whiteside,whiteha01,213,120,Center,,105685499.0,Right,,June 13 1989
221,Robert Woodard II,woodaro01,198,106,Small Forward,,3017981.0,Right,,September 22 1999
222,Delon Wright,wrighde01,196,83,Point Guard,Shooting Guard,34268738.0,Right,,April 26 1992
223,Kent Bazemore,bazemke01,193,88,Small Forward,Shooting Guard,79284577.0,Left,,July 1 1989
224,Marquese Chriss,chrisma01,206,108,Power Forward,,13751575.0,Right,,July 2 1997
225,Stephen Curry,curryst01,188,83,Point Guard,,257859052.0,Right,,March 14 1988
226,Draymond Green,greendr01,198,104,Power Forward,Small Forward,130953541.0,Right,,March 4 1990
227,Damion Lee,leeda03,196,95,Shooting Guard,,4704223.0,Right,,October 21 1992
228,Kevon Looney,looneke01,206,100,Center,Power Forward,19817476.0,Right,,February 6 1996
229,Nico Mannion,mannini01,188,86,Point Guard,,0.0,Right,,March 14 2001
230,Mychal Mulder,muldemy01,190,83,Point Guard,Small Forward,1756515.0,Right,,June 12 1994
231,Kelly Oubre Jr.,oubreke01,201,92,Small Forward,,51228550.0,Left,,December 9 1995
232,Eric Paschall,pascher01,198,115,Power Forward,,4198912.0,Right,,November 4 1996
233,Gary Payton II,paytoga02,190,86,Point Guard Shooting Guard,Small Forward,3928120.0,Left,,December 1 1992
234,Jordan Poole,poolejo01,193,87,Shooting Guard,,6189480.0,Right,,June 19 1999
235,Alen Smailagić,smailal01,208,97,Power Forward,Center,2416291.0,Right,,August 18 2000
236,Juan Toscano-Anderson,toscaju01,198,94,Small Forward,Shooting Guard,2410077.0,Right,,April 10 1993
237,Brad Wanamaker,wanambr01,190,95,Point Guard,,5258723.0,Right,,July 25 1989
238,Andrew Wiggins,wiggian01,201,89,Small Forward,Power Forward,138943522.0,Right,,February 23 1995
239,James Wiseman,wisemja01,213,108,Center,,17897040.0,Left,,March 31 2001
240,Bogdan Bogdanović,bogdabo01,198,99,Shooting Guard,,63000000.0,Right,,August 18 1992
241,Clint Capela,capelca01,208,108,Center,,69355784.0,Right,,May 18 1994
242,John Collins,collijo01,206,106,Power Forward,,34059862.0,Right,,September 23 1997
243,Kris Dunn,dunnkr01,190,92,Point Guard,,27572716.0,Right,,March 18 1994
244,Bruno Fernando,fernabr01,206,108,Center,,4700602.0,Right,,August 15 1998
245,Danilo Gallinari,gallida01,208,105,Small Forward Power Forward,Shooting Guard,177685814.0,Right,,August 8 1988
246,Brandon Goodwin,goodwbr01,183,81,Point Guard,,2390030.0,Right,,October 2 1995
247,Solomon Hill,hillso01,198,102,Small Forward,Power Forward,56408067.0,Right,,March 18 1991
248,Kevin Huerter,huertke01,201,86,Shooting Guard,Small Forward,11902517.0,Right,,August 27 1998
249,De'Andre Hunter,huntede01,203,102,Small Forward,,22265760.0,Right,,December 2 1997
250,Nathan Knight,knighna01,208,114,Power Forward,,0.0,Right,,September 20 1997
251,Skylar Mays,mayssk01,193,92,Shooting Guard,,34231.0,Right,,September 5 1997
252,Onyeka Okongwu,okongon01,203,106,Center,,11917920.0,Right,,December 11 2000
253,Cam Reddish,reddica01,203,98,Small Forward,,13373880.0,Right,,September 1 1999
254,Tony Snell,snellto01,198,96,Shooting Guard,Small Forward,53175288.0,Right,,November 10 1991
255,Trae Young,youngtr01,185,74,Point Guard,,26527711.0,Right,,September 19 1998
256,Tony Bradley,bradlto01,208,112,Center,,10388116.0,Right,,January 8 1998
257,Ignas Brazdeikis,brazdig01,198,100,Small Forward,,2564821.0,Left,,January 8 1999
258,Seth Curry,curryse01,188,83,Shooting Guard,Point Guard,33320061.0,Right,,August 23 1990
259,Joel Embiid,embiijo01,213,127,Center,,134074306.0,Right,,March 16 1994
260,Terrance Ferguson,fergute01,198,86,Shooting Guard,Small Forward,10323693.0,Right,,May 17 1998
261,Danny Green,greenda02,198,97,Shooting Guard,Small Forward,92693630.0,Right,,June 22 1987
262,Tobias Harris,harrito02,203,102,Power Forward,Small Forward,173965874.0,Right,,July 15 1992
263,George Hill,hillge01,193,85,Point Guard,,109331400.0,Right,,May 4 1986
264,Dwight Howard,howardw01,208,120,Center,Power Forward,247888692.0,Right,,December 8 1985
265,Isaiah Joe,joeis01,193,74,Shooting Guard,,2416291.0,Right,,July 2 1999
266,Mason Jones,jonesma05,193,90,Shooting Guard,,61528.0,Right,,July 21 1998
267,Furkan Korkmaz,korkmfu01,201,91,Shooting Guard,,11218910.0,Right,,July 24 1997
268,Dakota Mathias,mathida01,193,90,Shooting Guard,,106352.0,Right,,July 11 1995
269,Tyrese Maxey,maxeyty01,188,90,Point Guard,Shooting Guard,5081760.0,Right,,November 4 2000
270,Shake Milton,miltosh01,196,92,Shooting Guard,,4994028.0,Right,,September 26 1996
271,Vincent Poirier,poirivi01,213,106,Center,,5125000.0,Right,,October 17 1993
272,Paul Reed,reedpa01,206,95,Center,Power Forward,2127109.0,Right,,June 14 1999
273,Mike Scott,scottmi01,201,107,Power Forward,,26826708.0,Right,,July 16 1988
274,Ben Simmons,simmobe01,211,108,Point Guard,,90183586.0,Left,,July 20 1996
275,Matisse Thybulle,thybuma01,196,91,Shooting Guard,,8133600.0,Right,,March 4 1997
276,Anthony Tolliver,tollian01,203,108,Power Forward,Small Forward,35198114.0,Right,,June 1 1985
277,Rayjon Tucker,tuckera01,190,94,Shooting Guard,Point Guard,1139212.0,Right,,September 24 1997
278,Grayson Allen,allengr01,193,89,Shooting Guard,,10951898.0,Right,,October 8 1995
279,Kyle Anderson,anderky01,206,104,Small Forward,Power Forward,42736643.0,Right,,September 20 1993
280,Desmond Bane,banede01,196,97,Shooting Guard,,3969600.0,Right,,June 25 1998
281,Dillon Brooks,brookdi01,201,102,Small Forward,Shooting Guard,27412377.0,Right,,January 22 1996
282,Brandon Clarke,clarkbr01,203,97,Power Forward,,7808640.0,Right,,September 19 1996
283,Gorgui Dieng,dienggo01,208,114,Center,Power Forward,73689391.0,Right,,January 18 1990
284,Tim Frazier,fraziti01,183,77,Point Guard,,9809349.0,Right,,November 1 1990
285,Jaren Jackson Jr.,jacksja02,211,109,Center,Power Forward,29280440.0,Right,,September 15 1999
286,Tyus Jones,jonesty01,183,88,Point Guard,,30502295.0,Right,,May 10 1996
287,John Konchar,konchjo01,196,95,Shooting Guard,,4300000.0,Right,,March 22 1996
288,Sean McDermott,mcderse01,198,88,Small Forward,,0.0,Right,,November 3 1996
289,De'Anthony Melton,meltode01,188,90,Point Guard,Shooting Guard,20743540.0,Right,,May 28 1998
290,Ja Morant,moranja01,190,78,Point Guard,,27500400.0,Right,,August 10 1999
291,Jontay Porter,portejo01,211,108,Power Forward,,2397933.0,Left,,November 15 1999
292,Killian Tillie,tilliki02,206,99,Center,,1901625.0,Right,,March 5 1998
293,Xavier Tillman Sr.,tillmxa01,203,111,Power Forward,,2817981.0,Right,,January 12 1999
294,Jonas Valančiūnas,valanjo01,211,120,Center,,106875025.0,Right,,May 6 1992
295,Justise Winslow,winslju01,198,100,Small Forward Power Forward,Shooting Guard,41131565.0,Left,,March 26 1996
296,Jaylen Brown,brownja02,198,101,Shooting Guard,Small Forward,69672126.0,Right,,October 24 1996
297,Carsen Edwards,edwarca01,180,90,Shooting Guard,,4605372.0,Right,,March 12 1998
298,Tacko Fall,fallta01,229,141,Center,,0.0,Right,,December 10 1995
299,Evan Fournier,fournev01,201,92,Shooting Guard,Small Forward,109149102.0,Right,,October 29 1992
300,Javonte Green,greenja02,193,92,Small Forward,Shooting Guard,4085469.0,Right,,July 23 1993
301,Luke Kornet,kornelu01,218,113,Center,Power Forward,6931624.0,Right,,July 15 1995
302,Romeo Langford,langfro01,193,97,Shooting Guard,,10893960.0,Right,,October 25 1999
303,Aaron Nesmith,nesmiaa01,196,97,Small Forward,,7089600.0,Right,,October 16 1999
304,Semi Ojeleye,ojelese01,198,108,Power Forward,,7830860.0,Right,,December 5 1994
305,Payton Pritchard,pritcpa01,185,88,Point Guard,Shooting Guard,4173240.0,Right,,January 28 1998
306,Marcus Smart,smartma01,190,99,Shooting Guard,Point Guard,65546568.0,Right,,March 6 1994
307,Jayson Tatum,tatumja01,203,95,Small Forward,Power Forward,58176870.0,Right,,March 3 1998
308,Daniel Theis,theisda01,203,111,Center,,20474208.0,Right,,April 4 1992
309,Tristan Thompson,thomptr01,206,115,Power Forward,Center,118137721.0,Left Right,,March 13 1991
310,Kemba Walker,walkeke02,183,83,Point Guard,,160818273.0,Right,,May 8 1990
311,Tremont Waters,watertr01,178,79,Point Guard,,191860.0,Right,,January 10 1998
312,Grant Williams,willigr01,198,107,Power Forward,,7496400.0,Right,,November 30 1998
313,Robert Williams,williro04,203,107,Center,,9283856.0,Right,,October 17 1997
314,Tyler Bey,beyty01,201,97,Small Forward,,0.0,Right,,February 10 1998
315,Jalen Brunson,brunsja01,185,86,Point Guard,Shooting Guard,6112770.0,Left,,August 31 1996
316,Trey Burke,burketr01,183,83,Point Guard,,22019147.0,Right,,November 12 1992
317,Willie Cauley-Stein,caulewi01,213,108,Center,,25848041.0,Right,,August 18 1993
318,Luka Dončić,doncilu01,201,104,Point Guard,Shooting Guard,32467751.0,Right,,February 28 1999
319,Dorian Finney-Smith,finnedo01,201,99,Power Forward,Small Forward,15401033.0,Right,,May 4 1993
320,Josh Green,greenjo02,196,90,Shooting Guard,,5774280.0,Right,,November 16 2000
321,Tim Hardaway Jr.,hardati02,196,92,Shooting Guard,,98290341.0,Right,,March 16 1992
322,Nate Hinton,hintona01,196,95,Shooting Guard,,85578.0,Right,,June 8 1999
323,Maxi Kleber,klebima01,208,108,Power Forward,,27268857.0,Right,,January 29 1992
324,Boban Marjanović,marjabo01,221,131,Center,,32700000.0,Right,,August 15 1988
325,Kristaps Porziņģis,porzikr01,221,108,Power Forward,Center,107053494.0,Right,,August 2 1995
326,Dwight Powell,poweldw01,208,108,Center,Power Forward,60781395.0,Right,,July 20 1991
327,Josh Richardson,richajo01,196,90,Shooting Guard,Small Forward,44836167.0,Right,,September 15 1993
328,Tyrell Terry,terryty01,188,72,Point Guard,,2893405.0,Right,,September 28 2000
329,Malik Beasley,beaslma01,193,84,Shooting Guard,,35651373.0,Right,,November 26 1996
330,Jarrett Culver,culveja01,198,88,Shooting Guard,,18313080.0,Right,,February 20 1999
331,Ed Davis,davised01,206,98,Power Forward,Center,47206423.0,Left,,June 5 1989
332,Anthony Edwards,edwaran01,193,102,Shooting Guard,,20002920.0,Right,,August 5 2001
333,Ashton Hagans,haganas01,190,86,Point Guard,,,Right,,July 8 1999
334,Juancho Hernangómez,hernaju01,206,97,Power Forward,,21445110.0,Right,,September 28 1995
335,Jake Layman,laymaja01,203,94,Small Forward,,14740817.0,Right,,March 7 1994
336,Jaden McDaniels,mcdanja02,206,83,Power Forward,,4028040.0,Right,,September 29 2000
337,Jordan McLaughlin,mclaujo01,180,83,Point Guard,,2000000.0,Right,,April 9 1996
338,Jaylen Nowell,nowelja01,193,91,Shooting Guard,,4700602.0,Right,,July 9 1999
339,Josh Okogie,okogijo01,193,96,Shooting Guard,,11430344.0,Right,,September 1 1998
340,Naz Reid,reidna01,206,119,Center,,4198912.0,Right,,August 26 1999
341,Ricky Rubio,rubiori01,188,86,Point Guard,,122459046.0,Right,,October 21 1990
342,D'Angelo Russell,russeda01,193,87,Point Guard,,108965728.0,Left,,February 23 1996
343,Karl-Anthony Towns,townska01,211,112,Center,,114123435.0,Right,,November 15 1995
344,Jarred Vanderbilt,vandeja01,206,97,Power Forward,,7919177.0,Left,,April 3 1999
345,OG Anunoby,anunoog01,201,105,Small Forward,,25823404.0,Right,,July 17 1997
346,Aron Baynes,baynear01,208,117,Center,,38241922.0,Right,,December 9 1986
347,DeAndre' Bembry,bembrde01,196,95,Small Forward,Shooting Guard,11583944.0,Right,,July 4 1994
348,Khem Birch,birchkh01,206,105,Center,,14590584.0,Right,,September 28 1992
349,Chris Boucher,bouchch01,206,90,Power Forward,Center,15466385.0,Right,,January 11 1993
350,Henry Ellenson,ellenhe01,208,108,Power Forward,Center,5930687.0,Right,,January 13 1997
351,Malachi Flynn,flynnma01,185,79,Point Guard,,3998640.0,Right,,May 10 1998
352,Freddie Gillespie,gillefr01,206,111,Power Forward,,411115.0,Right,,June 14 1997
353,Jalen Harris,harrija01,196,88,Shooting Guard,,0.0,Right,,August 14 1998
354,Stanley Johnson,johnsst04,198,109,Small Forward,Power Forward,21646140.0,Right,,May 29 1996
355,Kyle Lowry,lowryky01,183,88,Point Guard,,215442045.0,Right,,March 25 1986
356,Patrick McCaw,mccawpa01,201,82,Shooting Guard,Small Forward,10965822.0,Right,,October 25 1995
357,Pascal Siakam,siakapa01,206,104,Power Forward,,69968577.0,Right,,April 2 1994
358,Fred VanVleet,vanvlfr01,185,89,Point Guard,Shooting Guard,60782008.0,Right,,February 25 1994
359,Yuta Watanabe,watanyu01,206,97,Small Forward,,2084689.0,Left,,October 13 1994
360,Paul Watson,watsopa01,198,95,Small Forward,,1496449.0,Right,,December 30 1994
361,Keita Bates-Diop,bateske01,203,103,Small Forward,Power Forward,3984533.0,Right,,January 23 1996
362,DeMar DeRozan,derozde01,198,99,Shooting Guard Power Forward,Small Forward,202705770.0,Right,,August 7 1989
363,Drew Eubanks,eubandr01,206,111,Center,Power Forward,3860384.0,Right,,February 1 1997
364,Rudy Gay,gayru01,203,113,Small Forward,Power Forward,171436169.0,Right,,August 17 1986
365,Keldon Johnson,johnske04,196,99,Small Forward,,6144360.0,Right,,October 11 1999
366,Tre Jones,jonestr01,185,83,Point Guard,,2416291.0,Right,,January 8 2000
367,Trey Lyles,lylestr01,206,106,Power Forward,,23886049.0,Right,,November 5 1995
368,Patty Mills,millspa02,185,81,Point Guard,Shooting Guard,68753853.0,Right,,August 11 1988
369,Dejounte Murray,murrade01,193,81,Point Guard,,36074257.0,Right,,September 19 1996
370,Jakob Poeltl,poeltja01,216,111,Center,,29083658.0,Right,,October 15 1995
371,Cameron Reynolds,reynoca01,201,102,Small Forward,Shooting Guard,347992.0,Left,,February 7 1995
372,Luka Šamanić,samanlu01,208,102,Power Forward,,8473320.0,Right,,January 9 2000
373,Devin Vassell,vassede01,196,90,Small Forward,,8268600.0,Right,,August 23 2000
374,Lonnie Walker IV,walkelo01,193,92,Shooting Guard,,12457536.0,Right,,December 14 1998
375,Quinndary Weatherspoon,weathqu01,190,92,Shooting Guard,,95930.0,Right,,September 10 1996
376,Derrick White,whitede01,193,86,Shooting Guard,Point Guard,23714695.0,Right,,July 2 1994
377,Al-Farouq Aminu,aminual01,203,99,Power Forward,Small Forward,71719390.0,Right,,September 21 1990
378,Ryan Arcidiacono,arcidry01,190,88,Point Guard,,8216181.0,Right,,March 26 1994
379,Wendell Carter Jr.,cartewe01,208,122,Center,Power Forward,22011467.0,Right,,April 16 1999
380,Devon Dotson,dotsode01,188,83,Point Guard,,0.0,Right,,August 2 1999
381,Cristiano Felício,feliccr01,211,122,Center,,33399726.0,Right,,July 7 1992
382,Zach LaVine,lavinza01,196,90,Shooting Guard Small Forward,Point Guard,87647297.0,Right,,March 10 1995
383,Lauri Markkanen,markkla01,213,108,Power Forward,Small Forward,36080577.0,Right,,May 22 1997
384,Adam Mokoka,mokokad01,193,86,Shooting Guard,Small Forward,0.0,Right,,July 18 1998
385,Otto Porter Jr.,porteot01,203,89,Small Forward,Power Forward,128220040.0,Right,,June 3 1993
386,Tomáš Satoranský,satorto01,201,95,Shooting Guard Point Guard,Small Forward,38375000.0,Right,,October 30 1991
387,Garrett Temple,templga01,196,88,Shooting Guard Small Forward,Point Guard,42185101.0,Right,,May 8 1986
388,Denzel Valentine,valende01,193,99,Shooting Guard,Small Forward,15593827.0,Right,,November 16 1993
389,Nikola Vučević,vucevni01,208,117,Center,,133958980.0,Right,,October 24 1990
390,Coby White,whiteco01,196,88,Point Guard,,16717560.0,Right,,February 16 2000
391,Patrick Williams,willipa01,201,97,Power Forward,,14490360.0,Right,,August 26 2001
392,Thaddeus Young,youngth01,203,106,Power Forward,,137132787.0,Left,,June 21 1988
393,Kostas Antetokounmpo,antetko01,208,90,Power Forward,,0.0,Right,,November 20 1997
394,Devontae Cacok,cacokde01,201,108,Power Forward,Center,364533.0,Right,,October 8 1996
395,Kentavious Caldwell-Pope,caldwke01,196,92,Shooting Guard,,74942697.0,Right,,February 18 1993
396,Alex Caruso,carusal01,193,84,Point Guard,Shooting Guard,14154651.0,Right,,February 28 1994
397,Quinn Cook,cookqu01,185,81,Point Guard,,6815853.0,Right,,March 23 1993
398,Anthony Davis,davisan02,208,114,Power Forward,Center,189720907.0,Right,,March 11 1993
399,Andre Drummond,drumman01,208,126,Center,,139992472.0,Right,,August 10 1993
400,Jared Dudley,dudleja01,198,107,Power Forward Small Forward,Shooting Guard,61253345.0,Right,,July 10 1985
401,Marc Gasol,gasolma01,211,115,Center,,185797591.0,Right,,January 29 1985
402,Montrezl Harrell,harremo01,201,108,Center,Power Forward,34495282.0,Right,,January 26 1994
403,Talen Horton-Tucker,hortota01,193,106,Shooting Guard,,11916291.0,Right,,November 25 2000
404,LeBron James,jamesle01,206,113,Small Forward Power Forward Point Guard,Shooting Guard,390511590.0,Right,,December 30 1984
405,Kyle Kuzma,kuzmaky01,206,100,Power Forward,Small Forward,21650178.0,Right,,July 24 1995
406,Wesley Matthews,matthwe02,193,99,Shooting Guard,Small Forward,111874847.0,Right,,October 14 1986
407,Alfonzo McKinnie,mckinal01,201,97,Small Forward,,7613705.0,Right,,September 17 1992
408,Ben McLemore,mclembe01,190,88,Shooting Guard,Small Forward,30904081.0,Right,,February 11 1993
409,Markieff Morris,morrima02,206,111,Power Forward,,49890637.0,Right,,September 2 1989
410,Dennis Schröder,schrode01,190,78,Point Guard,Shooting Guard,75900862.0,Right,,September 15 1993
411,LaMelo Ball,ballla01,201,81,Point Guard,,16071720.0,Right,,August 22 2001
412,Bismack Biyombo,biyombi01,203,115,Center,,88747491.0,Right,,August 28 1992
413,Miles Bridges,bridgmi02,198,102,Power Forward,Small Forward,16317853.0,Left,,March 21 1998
414,Vernon Carey Jr.,careyve01,206,122,Center,,2867981.0,Left,,February 25 2001
415,Nate Darling,darlina01,198,90,Shooting Guard,,0.0,Right,,August 30 1998
416,Devonte' Graham,grahade01,185,88,Point Guard,,15069177.0,Right,,February 22 1995
417,Gordon Hayward,haywago01,201,102,Small Forward,Power Forward,209347778.0,Right,,March 23 1990
418,Caleb Martin,martica02,196,92,Small Forward,,2887762.0,Right,,September 28 1995
419,Cody Martin,martico01,196,92,Small Forward,,4473912.0,Right,,September 28 1995
420,Jalen McDaniels,mcdanja01,206,92,Small Forward,,4198912.0,Right,,January 31 1998
421,Malik Monk,monkma01,190,90,Shooting Guard,,17515303.0,Right,,February 4 1998
422,Nick Richards,richani01,213,111,Center,Power Forward,2517981.0,Right,,November 29 1997
423,Grant Riller,rillegr01,188,86,Point Guard,,0.0,Right,,February 8 1997
424,Terry Rozier,roziete01,185,86,Point Guard,Shooting Guard,65469710.0,Right,,March 17 1994
425,P.J. Washington,washipj01,201,104,Power Forward,Center,12070560.0,Right,,August 23 1998
426,Cody Zeller,zelleco01,211,108,Center,,75799754.0,Right,,October 5 1992
427,Avery Bradley,bradlav01,190,81,Shooting Guard,Point Guard,66128563.0,Right,,November 26 1990
428,Armoni Brooks,brookar01,190,88,Shooting Guard,Point Guard,1910221.0,Right,,June 5 1998
429,Sterling Brown,brownst02,196,99,Shooting Guard,Small Forward,8432941.0,Right,,February 10 1995
430,Bruno Caboclo,cabocbr01,206,98,Small Forward Center,Power Forward,9935143.0,Right,,September 21 1995
431,Eric Gordon,gordoer01,190,97,Shooting Guard,Small Forward,158631090.0,Right,,December 25 1988
432,Danuel House Jr.,houseda01,198,99,Small Forward,Shooting Guard,10633223.0,Right,,June 7 1993
433,Anthony Lamb,lamban01,198,102,Small Forward,,85578.0,Right,,January 20 1998
434,Kenyon Martin Jr.,martike04,198,97,Small Forward,,2416291.0,Right,,January 6 2001
435,David Nwaba,nwabada01,196,99,Small Forward,Shooting Guard,12018646.0,Right,,January 14 1993
436,Cameron Oliver,oliveca01,203,108,Small Forward,,428648.0,Right,,July 11 1996
437,Kelly Olynyk,olynyke01,211,108,Center,Power Forward,68748646.0,Right,,April 19 1991
438,Justin Patton,pattoju01,211,109,Center,,6718759.0,Right,,June 14 1997
439,Kevin Porter Jr.,porteke02,193,92,Shooting Guard Point Guard,Small Forward,4791562.0,Left,,May 4 2000
440,Ray Spalding,spaldra01,208,97,Power Forward,Center,1070581.0,Right,,March 11 1997
441,Jae'Sean Tate,tateja01,193,104,Power Forward,Small Forward,2963948.0,Left,,October 28 1995
442,Brodric Thomas,thomabr01,196,83,Shooting Guard,,0.0,Right,,January 28 1997
443,Khyri Thomas,thomakh01,190,95,Shooting Guard,,3360998.0,Right,,May 8 1996
444,John Wall,walljo01,190,95,Point Guard,,232604425.0,Right,,September 6 1990
445,Christian Wood,woodch01,208,97,Power Forward,Center,31020924.0,Right,,September 27 1995
446,Precious Achiuwa,achiupr01,203,102,Center,Power Forward,5293440.0,Right,,September 19 1999
447,Bam Adebayo,adebaba01,206,115,Center,Power Forward,42119322.0,Right,,July 18 1997
448,Trevor Ariza,arizatr01,203,97,Small Forward,Shooting Guard,118962221.0,Right,,June 30 1985
449,Jimmy Butler,butleji01,201,104,Small Forward,Shooting Guard,180936466.0,Right,,September 14 1989
450,Dewayne Dedmon,dedmode01,213,111,Center,,39750958.0,Right,,August 12 1989
451,Goran Dragić,dragigo01,190,86,Point Guard,Shooting Guard,152462432.0,Left,,May 6 1986
452,Udonis Haslem,hasleud01,203,106,Power Forward,Center,67196194.0,Right,,June 9 1980
453,Tyler Herro,herroty01,196,88,Shooting Guard,,11466720.0,Right,,January 20 2000
454,Andre Iguodala,iguodan01,198,97,Small Forward,Shooting Guard,186965950.0,Right,,January 28 1984
455,Meyers Leonard,leoname01,213,117,Center,Power Forward,60142480.0,Right,,February 27 1992
456,Kendrick Nunn,nunnke01,188,86,Point Guard,,8085450.0,Left,,August 3 1995
457,KZ Okpala,okpalkz01,203,97,Power Forward,,4198912.0,Right,,April 28 1999
458,Duncan Robinson,robindu01,201,97,Shooting Guard,Small Forward,18650187.0,Right,,April 22 1994
459,Max Strus,strusma01,196,97,Small Forward,,2084592.0,Right,,March 28 1996
460,Gabe Vincent,vincega01,190,90,Point Guard,,1669178.0,Right,,June 14 1996
461,RJ Barrett,barrerj01,198,97,Shooting Guard,Small Forward,24695640.0,Left,,June 14 2000
462,Reggie Bullock,bullore01,198,92,Small Forward,Shooting Guard,28593804.0,Right,,March 16 1991
463,Alec Burks,burksal01,198,97,Shooting Guard,Small Forward,69034240.0,Right,,July 20 1991
464,Taj Gibson,gibsota01,206,105,Power Forward,Center,83661939.0,Right,,June 24 1985
465,Jared Harper,harpeja01,178,79,Point Guard,,194950.0,Right,,September 14 1997
466,Kevin Knox,knoxke01,201,97,Small Forward,Power Forward,18554698.0,Right,,August 11 1999
467,Nerlens Noel,noelne01,211,99,Center,Power Forward,36103352.0,Right,,April 10 1994
468,Frank Ntilikina,ntilila01,193,90,Point Guard,Shooting Guard,20478474.0,Right,,July 28 1998
469,Elfrid Payton,paytoel01,190,88,Point Guard,,29856044.0,Right,,February 22 1994
470,Theo Pinson,pinsoth01,196,96,Shooting Guard,Small Forward,1647510.0,Right,,November 5 1995
471,Immanuel Quickley,quickim01,190,86,Point Guard,,4316160.0,Right,,June 17 1999
472,Julius Randle,randlju01,203,113,Power Forward,Center,78886962.0,Left,,November 29 1994
473,Mitchell Robinson,robinmi01,213,108,Center,,6511070.0,Right,,April 1 1998
474,Derrick Rose,rosede01,188,90,Point Guard,,149880324.0,Right,,October 4 1988
475,Dennis Smith Jr.,smithde03,188,92,Point Guard,,18977813.0,Right,,November 25 1997
476,Obi Toppin,toppiob01,206,99,Power Forward,,9967200.0,Right,,March 4 1998
477,Saddiq Bey,beysa01,201,97,Small Forward,,5514240.0,Right,,April 9 1999
478,Hamidou Diallo,diallha01,196,91,Shooting Guard,Small Forward,9119177.0,Right,,July 31 1998
479,Sekou Doumbouya,doumbse01,203,104,Power Forward,,10348200.0,Right,,December 23 2000
480,Wayne Ellington,ellinwa01,193,93,Shooting Guard,,48435466.0,Right,,November 29 1987
481,Jerami Grant,grantje01,203,95,Power Forward,Small Forward,61287174.0,Right,,March 12 1994
482,Killian Hayes,hayeski01,196,88,Point Guard,,10879800.0,Left,,July 27 2001
483,Frank Jackson,jacksfr01,190,92,Point Guard,,7062377.0,Right,,May 4 1998
484,Josh Jackson,jacksjo02,203,93,Small Forward,Shooting Guard,27963390.0,Right,,February 10 1997
485,Saben Lee,leesa01,188,83,Point Guard,,1489065.0,Right,,June 23 1999
486,Rodney McGruder,mcgruro01,193,92,Shooting Guard,,15340383.0,Right,,July 29 1991
487,Svi Mykhailiuk,mykhasv01,201,92,Small Forward,Shooting Guard,6297624.0,Right,,June 10 1997
488,Jahlil Okafor,okafoja01,208,122,Center,,21649023.0,Right,,December 15 1995
489,Mason Plumlee,plumlma01,211,115,Center,,63537270.0,Right,,March 5 1990
490,Deividas Sirvydis,sirvyde01,203,86,Shooting Guard,,2501869.0,Left,,June 10 2000
491,Isaiah Stewart,stewais01,203,113,Center,,6398160.0,Right,,May 22 2001
492,Darius Bazley,bazleda01,203,94,Power Forward,,7197000.0,Left,,June 12 2000
493,Charlie Brown Jr.,brownch02,198,90,Shooting Guard,,409704.0,Right,,February 2 1997
494,Moses Brown,brownmo01,218,111,Center,,3162639.0,Right,,October 13 1999
495,Gabriel Deck,deckga01,203,105,Power Forward,,5560877.0,Right,,February 8 1995
496,Luguentz Dort,dortlu01,190,97,Shooting Guard,Small Forward,3456249.0,Right,,April 19 1999
497,Shai Gilgeous-Alexander,gilgesh01,198,81,Shooting Guard,Point Guard,16965132.0,Right,,July 12 1998
498,Josh Hall,halljo01,206,86,Small Forward,,0.0,Right,,October 8 2000
499,Jaylen Hoard,hoardja01,203,97,Small Forward,Power Forward,191860.0,Right,,March 30 1999
500,Al Horford,horfoal01,206,108,Center,,243228232.0,Right,,June 3 1986
501,Ty Jerome,jeromty01,196,88,Shooting Guard,,6909360.0,Right,,July 8 1997
502,Théo Maledon,maledth01,193,79,Point Guard,,4000000.0,Right,,June 12 2001
503,Darius Miller,milleda01,198,102,Small Forward,,20217476.0,Right,,March 21 1990
504,Mike Muscala,muscami01,208,108,Center,Power Forward,20591082.0,Right,,July 1 1991
505,Aleksej Pokusevski,pokusal01,213,86,Power Forward,,6078000.0,Right,,December 26 2001
506,Justin Robinson,robinju01,185,88,Point Guard,,784140.0,Left,,October 12 1997
507,Isaiah Roby,robyis01,203,104,Power Forward,,4800602.0,Right,,February 3 1998
508,Kenrich Williams,willike04,198,95,Power Forward,Small Forward,6255316.0,Right,,December 2 1994
509,Cole Anthony,anthoco01,188,83,Point Guard,,6734520.0,Right,,May 15 2000
510,Dwayne Bacon,bacondw01,198,100,Shooting Guard,,5491231.0,Right,,August 30 1995
511,Mo Bamba,bambamo01,213,104,Center,,24100422.0,Right,,May 12 1998
512,Jordan Bone,bonejo01,188,81,Point Guard,,0.0,Right,,November 5 1997
513,Devin Cannady,cannade01,188,83,Point Guard,,247106.0,Right,,May 21 1996
514,Michael Carter-Williams,cartemi01,196,86,Point Guard,Shooting Guard,22880203.0,Right,,October 10 1991
515,James Ennis III,ennisja01,198,97,Small Forward,Shooting Guard,14541597.0,Right,,July 1 1990
516,Robert Franks,frankro01,201,102,Power Forward,,198040.0,Right,,December 18 1996
517,Markelle Fultz,fultzma01,190,94,Point Guard,Shooting Guard,53900017.0,Right,,May 29 1998
518,Donta Hall,halldo01,206,105,Power Forward,Center,579284.0,Right,,August 7 1997
519,Karim Mané,maneka01,190,86,Point Guard,,0.0,Right,,May 16 2000
520,Frank Mason III,masonfr01,180,86,Point Guard,,2562627.0,Right,,April 3 1994
521,Chuma Okeke,okekech01,198,103,Power Forward,,6398160.0,Right,,August 18 1998
522,Chasson Randle,randlch01,188,83,Point Guard,,1623800.0,Right,,February 5 1993
523,Terrence Ross,rosste01,198,93,Shooting Guard,Small Forward,81089837.0,Right,,February 5 1991
524,Marques Bolden,boldema01,208,112,Center,,50752.0,Right,,April 17 1998
525,Matthew Dellavedova,dellama01,190,90,Point Guard,Shooting Guard,42014326.0,Right,,September 8 1990
526,Damyean Dotson,dotsoda01,196,95,Shooting Guard,,6302424.0,Right,,May 6 1994
527,Dante Exum,exumda01,196,97,Point Guard,Shooting Guard,44625425.0,Right,,July 13 1995
528,Darius Garland,garlada01,185,87,Point Guard,Shooting Guard,20162520.0,Right,,January 26 2000
529,Kevin Love,loveke01,203,113,Power Forward,Center,237780811.0,Right,,September 7 1988
530,Thon Maker,makerth01,213,100,Center,Power Forward,11931478.0,Right,,February 25 1997
531,Jeremiah Martin,martije02,190,83,Point Guard,,0.0,Left,,June 19 1996
532,Larry Nance Jr.,nancela02,201,111,Power Forward,Center,41234326.0,Right,,January 1 1993
533,Isaac Okoro,okorois01,196,102,Small Forward,Shooting Guard,13121640.0,Right,,January 26 2001
534,Cedi Osman,osmande01,201,104,Small Forward,,25298914.0,Right,,April 8 1995
535,Collin Sexton,sextoco01,185,86,Shooting Guard,Point Guard,20175111.0,Right,,January 4 1999
536,Lamar Stevens,stevela01,198,104,Power Forward,,2170347.0,Right,,July 9 1997
537,Anderson Varejão,varejan01,208,123,Center,Power Forward,83562309.0,Right,,September 28 1982
538,Dean Wade,wadede01,206,103,Power Forward,,3675602.0,Right,,November 20 1996
539,Dylan Windler,windldy01,198,88,Small Forward,,6412440.0,Left,,September 22 1996
