Home_id;Away_id;Bookmaker;OddHome;OddAway;Date;Score_home;Score_away;Season
Los Angeles Lakers;Denver Nuggets;10x10bet;+131;-164;30 Oct 2022;121;110;2022-2023
Los Angeles Lakers;Denver Nuggets;1xBet;+129;-137;30 Oct 2022;121;110;2022-2023
Los Angeles Lakers;Denver Nuggets;bet-at-home;+112;-145;30 Oct 2022;121;110;2022-2023
Los Angeles Lakers;Denver Nuggets;bet365;+125;-147;30 Oct 2022;121;110;2022-2023
Los Angeles Lakers;Denver Nuggets;bwin;+114;-139;30 Oct 2022;121;110;2022-2023
Los Angeles Lakers;Denver Nuggets;Coolbet;+120;-141;30 Oct 2022;121;110;2022-2023
Los Angeles Lakers;Denver Nuggets;Curebet;+135;-161;30 Oct 2022;121;110;2022-2023
Los Angeles Lakers;Denver Nuggets;GGBET;+114;-133;30 Oct 2022;121;110;2022-2023
Los Angeles Lakers;Denver Nuggets;Lasbet;+138;-156;30 Oct 2022;121;110;2022-2023
Los Angeles Lakers;Denver Nuggets;Marathonbet;+129;-149;30 Oct 2022;121;110;2022-2023
Los Angeles Lakers;Denver Nuggets;N1 Bet;+118;-139;30 Oct 2022;121;110;2022-2023
Los Angeles Lakers;Denver Nuggets;Pinnacle;+123;-135;30 Oct 2022;121;110;2022-2023
Los Angeles Lakers;Denver Nuggets;Unibet;+108;-128;30 Oct 2022;121;110;2022-2023
Los Angeles Lakers;Denver Nuggets;VOBET;+131;-164;30 Oct 2022;121;110;2022-2023
Los Angeles Lakers;Denver Nuggets;William Hill;+125;-145;30 Oct 2022;121;110;2022-2023
Phoenix Suns;Houston Rockets;10x10bet;-833;+535;30 Oct 2022;124;109;2022-2023
Phoenix Suns;Houston Rockets;1xBet;-833;+700;30 Oct 2022;124;109;2022-2023
Phoenix Suns;Houston Rockets;bet-at-home;-1000;+560;30 Oct 2022;124;109;2022-2023
Phoenix Suns;Houston Rockets;bet365;-909;+600;30 Oct 2022;124;109;2022-2023
Phoenix Suns;Houston Rockets;bwin;-909;+600;30 Oct 2022;124;109;2022-2023
Phoenix Suns;Houston Rockets;Coolbet;-909;+618;30 Oct 2022;124;109;2022-2023
Phoenix Suns;Houston Rockets;Curebet;-833;+570;30 Oct 2022;124;109;2022-2023
Phoenix Suns;Houston Rockets;GGBET;-1000;+600;30 Oct 2022;124;109;2022-2023
Phoenix Suns;Houston Rockets;Lasbet;-769;+585;30 Oct 2022;124;109;2022-2023
Phoenix Suns;Houston Rockets;Marathonbet;-909;+640;30 Oct 2022;124;109;2022-2023
Phoenix Suns;Houston Rockets;N1 Bet;-909;+617;30 Oct 2022;124;109;2022-2023
Phoenix Suns;Houston Rockets;Pinnacle;-833;+631;30 Oct 2022;124;109;2022-2023
Phoenix Suns;Houston Rockets;Unibet;-769;+540;30 Oct 2022;124;109;2022-2023
Phoenix Suns;Houston Rockets;VOBET;-833;+535;30 Oct 2022;124;109;2022-2023
Phoenix Suns;Houston Rockets;William Hill;-909;+600;30 Oct 2022;124;109;2022-2023
Dallas Mavericks;Orlando Magic;10x10bet;-435;+320;30 Oct 2022;114;105;2022-2023
Dallas Mavericks;Orlando Magic;1xBet;-357;+332;30 Oct 2022;114;105;2022-2023
Dallas Mavericks;Orlando Magic;bet-at-home;-556;+359;30 Oct 2022;114;105;2022-2023
Dallas Mavericks;Orlando Magic;bet365;-400;+320;30 Oct 2022;114;105;2022-2023
Dallas Mavericks;Orlando Magic;bwin;-400;+309;30 Oct 2022;114;105;2022-2023
Dallas Mavericks;Orlando Magic;Coolbet;-455;+345;30 Oct 2022;114;105;2022-2023
Dallas Mavericks;Orlando Magic;Curebet;-435;+337;30 Oct 2022;114;105;2022-2023
Dallas Mavericks;Orlando Magic;GGBET;-400;+305;30 Oct 2022;114;105;2022-2023
Dallas Mavericks;Orlando Magic;Lasbet;-417;+347;30 Oct 2022;114;105;2022-2023
Dallas Mavericks;Orlando Magic;Marathonbet;-417;+333;30 Oct 2022;114;105;2022-2023
Dallas Mavericks;Orlando Magic;N1 Bet;-500;+388;30 Oct 2022;114;105;2022-2023
Dallas Mavericks;Orlando Magic;Pinnacle;-417;+340;30 Oct 2022;114;105;2022-2023
Dallas Mavericks;Orlando Magic;Unibet;-400;+320;30 Oct 2022;114;105;2022-2023
Dallas Mavericks;Orlando Magic;VOBET;-435;+320;30 Oct 2022;114;105;2022-2023
Dallas Mavericks;Orlando Magic;William Hill;-417;+320;30 Oct 2022;114;105;2022-2023
San Antonio Spurs;Minnesota Timberwolves;10x10bet;+195;-250;30 Oct 2022;107;98 ;2022-2023
San Antonio Spurs;Minnesota Timberwolves;1xBet;+198;-213;30 Oct 2022;107;98 ;2022-2023
San Antonio Spurs;Minnesota Timberwolves;bet-at-home;+190;-256;30 Oct 2022;107;98 ;2022-2023
San Antonio Spurs;Minnesota Timberwolves;bet365;+190;-233;30 Oct 2022;107;98 ;2022-2023
San Antonio Spurs;Minnesota Timberwolves;bwin;+190;-238;30 Oct 2022;107;98 ;2022-2023
San Antonio Spurs;Minnesota Timberwolves;Coolbet;+215;-263;30 Oct 2022;107;98 ;2022-2023
San Antonio Spurs;Minnesota Timberwolves;Curebet;+200;-244;30 Oct 2022;107;98 ;2022-2023
San Antonio Spurs;Minnesota Timberwolves;GGBET;+185;-238;30 Oct 2022;107;98 ;2022-2023
San Antonio Spurs;Minnesota Timberwolves;Lasbet;+206;-238;30 Oct 2022;107;98 ;2022-2023
San Antonio Spurs;Minnesota Timberwolves;Marathonbet;+215;-256;30 Oct 2022;107;98 ;2022-2023
San Antonio Spurs;Minnesota Timberwolves;N1 Bet;+202;-244;30 Oct 2022;107;98 ;2022-2023
San Antonio Spurs;Minnesota Timberwolves;Pinnacle;+206;-233;30 Oct 2022;107;98 ;2022-2023
San Antonio Spurs;Minnesota Timberwolves;Unibet;+188;-227;30 Oct 2022;107;98 ;2022-2023
San Antonio Spurs;Minnesota Timberwolves;VOBET;+195;-250;30 Oct 2022;107;98 ;2022-2023
San Antonio Spurs;Minnesota Timberwolves;William Hill;+190;-233;30 Oct 2022;107;98 ;2022-2023
Boston Celtics;Washington Wizards;10x10bet;-435;+320;30 Oct 2022;112;94 ;2022-2023
Boston Celtics;Washington Wizards;1xBet;-400;+372;30 Oct 2022;112;94 ;2022-2023
Boston Celtics;Washington Wizards;bet-at-home;-455;+320;30 Oct 2022;112;94 ;2022-2023
Boston Celtics;Washington Wizards;bet365;-455;+350;30 Oct 2022;112;94 ;2022-2023
Boston Celtics;Washington Wizards;bwin;-455;+350;30 Oct 2022;112;94 ;2022-2023
Boston Celtics;Washington Wizards;Coolbet;-400;+311;30 Oct 2022;112;94 ;2022-2023
Boston Celtics;Washington Wizards;Curebet;-417;+325;30 Oct 2022;112;94 ;2022-2023
Boston Celtics;Washington Wizards;GGBET;-455;+330;30 Oct 2022;112;94 ;2022-2023
Boston Celtics;Washington Wizards;Lasbet;-417;+347;30 Oct 2022;112;94 ;2022-2023
Boston Celtics;Washington Wizards;Marathonbet;-435;+350;30 Oct 2022;112;94 ;2022-2023
Boston Celtics;Washington Wizards;N1 Bet;-435;+337;30 Oct 2022;112;94 ;2022-2023
Boston Celtics;Washington Wizards;Pinnacle;-417;+344;30 Oct 2022;112;94 ;2022-2023
Boston Celtics;Washington Wizards;Unibet;-455;+334;30 Oct 2022;112;94 ;2022-2023
Boston Celtics;Washington Wizards;VOBET;-435;+320;30 Oct 2022;112;94 ;2022-2023
Boston Celtics;Washington Wizards;William Hill;-455;+350;30 Oct 2022;112;94 ;2022-2023
Cleveland Cavaliers;New York Knicks;10x10bet;-164;+131;30 Oct 2022;121;108;2022-2023
Cleveland Cavaliers;New York Knicks;1xBet;-159;+149;30 Oct 2022;121;108;2022-2023
Cleveland Cavaliers;New York Knicks;bet-at-home;-167;+129;30 Oct 2022;121;108;2022-2023
Cleveland Cavaliers;New York Knicks;bet365;-172;+150;30 Oct 2022;121;108;2022-2023
Cleveland Cavaliers;New York Knicks;bwin;-167;+135;30 Oct 2022;121;108;2022-2023
Cleveland Cavaliers;New York Knicks;Coolbet;-154;+129;30 Oct 2022;121;108;2022-2023
Cleveland Cavaliers;New York Knicks;Curebet;-161;+135;30 Oct 2022;121;108;2022-2023
Cleveland Cavaliers;New York Knicks;GGBET;-167;+135;30 Oct 2022;121;108;2022-2023
Cleveland Cavaliers;New York Knicks;Lasbet;-156;+138;30 Oct 2022;121;108;2022-2023
Cleveland Cavaliers;New York Knicks;Marathonbet;-147;+146;30 Oct 2022;121;108;2022-2023
Cleveland Cavaliers;New York Knicks;N1 Bet;-159;+134;30 Oct 2022;121;108;2022-2023
Cleveland Cavaliers;New York Knicks;Pinnacle;-152;+136;30 Oct 2022;121;108;2022-2023
Cleveland Cavaliers;New York Knicks;Unibet;-179;+145;30 Oct 2022;121;108;2022-2023
Cleveland Cavaliers;New York Knicks;VOBET;-164;+131;30 Oct 2022;121;108;2022-2023
Cleveland Cavaliers;New York Knicks;William Hill;-169;+145;30 Oct 2022;121;108;2022-2023
Detroit Pistons;Golden State Warriors;10x10bet;+229;-303;30 Oct 2022;128;114;2022-2023
Detroit Pistons;Golden State Warriors;1xBet;+252;-270;30 Oct 2022;128;114;2022-2023
Detroit Pistons;Golden State Warriors;bet-at-home;+235;-323;30 Oct 2022;128;114;2022-2023
Detroit Pistons;Golden State Warriors;bet365;+240;-303;30 Oct 2022;128;114;2022-2023
Detroit Pistons;Golden State Warriors;bwin;+260;-333;30 Oct 2022;128;114;2022-2023
Detroit Pistons;Golden State Warriors;Coolbet;+250;-303;30 Oct 2022;128;114;2022-2023
Detroit Pistons;Golden State Warriors;Curebet;+240;-294;30 Oct 2022;128;114;2022-2023
Detroit Pistons;Golden State Warriors;GGBET;+275;-370;30 Oct 2022;128;114;2022-2023
Detroit Pistons;Golden State Warriors;Lasbet;+245;-286;30 Oct 2022;128;114;2022-2023
Detroit Pistons;Golden State Warriors;Marathonbet;+258;-312;30 Oct 2022;128;114;2022-2023
Detroit Pistons;Golden State Warriors;N1 Bet;+246;-303;30 Oct 2022;128;114;2022-2023
Detroit Pistons;Golden State Warriors;Pinnacle;+243;-278;30 Oct 2022;128;114;2022-2023
Detroit Pistons;Golden State Warriors;Unibet;+235;-345;30 Oct 2022;128;114;2022-2023
Detroit Pistons;Golden State Warriors;VOBET;+229;-303;30 Oct 2022;128;114;2022-2023
Detroit Pistons;Golden State Warriors;William Hill;+250;-323;30 Oct 2022;128;114;2022-2023
Los Angeles Clippers;New Orleans Pelicans;10x10bet;-130;+104;30 Oct 2022; 91;112;2022-2023
Los Angeles Clippers;New Orleans Pelicans;1xBet;-128;+120;30 Oct 2022; 91;112;2022-2023
Los Angeles Clippers;New Orleans Pelicans;bet-at-home;-132;+102;30 Oct 2022; 91;112;2022-2023
Los Angeles Clippers;New Orleans Pelicans;bet365;-132;+110;30 Oct 2022; 91;112;2022-2023
Los Angeles Clippers;New Orleans Pelicans;bwin;-132;+110;30 Oct 2022; 91;112;2022-2023
Los Angeles Clippers;New Orleans Pelicans;Coolbet;-125;+106;30 Oct 2022; 91;112;2022-2023
Los Angeles Clippers;New Orleans Pelicans;Curebet;-127;+106;30 Oct 2022; 91;112;2022-2023
Los Angeles Clippers;New Orleans Pelicans;GGBET;-125;+104;30 Oct 2022; 91;112;2022-2023
Los Angeles Clippers;New Orleans Pelicans;Lasbet;-123;+108;30 Oct 2022; 91;112;2022-2023
Los Angeles Clippers;New Orleans Pelicans;Marathonbet;-116;+114;30 Oct 2022; 91;112;2022-2023
Los Angeles Clippers;New Orleans Pelicans;N1 Bet;-125;+106;30 Oct 2022; 91;112;2022-2023
Los Angeles Clippers;New Orleans Pelicans;Pinnacle;-118;+106;30 Oct 2022; 91;112;2022-2023
Los Angeles Clippers;New Orleans Pelicans;Unibet;-132;+112;30 Oct 2022; 91;112;2022-2023
Los Angeles Clippers;New Orleans Pelicans;VOBET;-130;+104;30 Oct 2022; 91;112;2022-2023
Los Angeles Clippers;New Orleans Pelicans;William Hill;-130;+110;30 Oct 2022; 91;112;2022-2023
Chicago Bulls;Philadelphia 76ers;10x10bet;+118;-147;29 Oct 2022;109;114;2022-2023
Chicago Bulls;Philadelphia 76ers;1xBet;+125;-133;29 Oct 2022;109;114;2022-2023
Chicago Bulls;Philadelphia 76ers;bet-at-home;+114;-147;29 Oct 2022;109;114;2022-2023
Chicago Bulls;Philadelphia 76ers;bet365;+120;-141;29 Oct 2022;109;114;2022-2023
Chicago Bulls;Philadelphia 76ers;bwin;+114;-139;29 Oct 2022;109;114;2022-2023
Chicago Bulls;Philadelphia 76ers;Coolbet;+118;-139;29 Oct 2022;109;114;2022-2023
Chicago Bulls;Philadelphia 76ers;Curebet;+122;-145;29 Oct 2022;109;114;2022-2023
Chicago Bulls;Philadelphia 76ers;GGBET;+110;-133;29 Oct 2022;109;114;2022-2023
Chicago Bulls;Philadelphia 76ers;Lasbet;+124;-141;29 Oct 2022;109;114;2022-2023
Chicago Bulls;Philadelphia 76ers;Marathonbet;+129;-132;29 Oct 2022;109;114;2022-2023
Chicago Bulls;Philadelphia 76ers;N1 Bet;+119;-141;29 Oct 2022;109;114;2022-2023
Chicago Bulls;Philadelphia 76ers;Pinnacle;+127;-143;29 Oct 2022;109;114;2022-2023
Chicago Bulls;Philadelphia 76ers;Unibet;+116;-137;29 Oct 2022;109;114;2022-2023
Chicago Bulls;Philadelphia 76ers;VOBET;+118;-147;29 Oct 2022;109;114;2022-2023
Chicago Bulls;Philadelphia 76ers;William Hill;+120;-141;29 Oct 2022;109;114;2022-2023
Dallas Mavericks;Oklahoma City Thunder;10x10bet;-556;+390;29 Oct 2022;111;117;2022-2023
Dallas Mavericks;Oklahoma City Thunder;1xBet;-455;+409;29 Oct 2022;111;117;2022-2023
Dallas Mavericks;Oklahoma City Thunder;bet-at-home;-556;+370;29 Oct 2022;111;117;2022-2023
Dallas Mavericks;Oklahoma City Thunder;bet365;-500;+375;29 Oct 2022;111;117;2022-2023
Dallas Mavericks;Oklahoma City Thunder;bwin;-500;+375;29 Oct 2022;111;117;2022-2023
Dallas Mavericks;Oklahoma City Thunder;Coolbet;-526;+400;29 Oct 2022;111;117;2022-2023
Dallas Mavericks;Oklahoma City Thunder;Curebet;-556;+415;29 Oct 2022;111;117;2022-2023
Dallas Mavericks;Oklahoma City Thunder;GGBET;-556;+395;29 Oct 2022;111;117;2022-2023
Dallas Mavericks;Oklahoma City Thunder;Lasbet;-526;+425;29 Oct 2022;111;117;2022-2023
Dallas Mavericks;Oklahoma City Thunder;Marathonbet;-526;+415;29 Oct 2022;111;117;2022-2023
Dallas Mavericks;Oklahoma City Thunder;N1 Bet;-526;+395;29 Oct 2022;111;117;2022-2023
Dallas Mavericks;Oklahoma City Thunder;Pinnacle;-526;+430;29 Oct 2022;111;117;2022-2023
Dallas Mavericks;Oklahoma City Thunder;Unibet;-500;+370;29 Oct 2022;111;117;2022-2023
Dallas Mavericks;Oklahoma City Thunder;VOBET;-556;+390;29 Oct 2022;111;117;2022-2023
Dallas Mavericks;Oklahoma City Thunder;William Hill;-556;+400;29 Oct 2022;111;117;2022-2023
Milwaukee Bucks;Atlanta Hawks;10x10bet;-217;+172;29 Oct 2022;123;115;2022-2023
Milwaukee Bucks;Atlanta Hawks;1xBet;-204;+193;29 Oct 2022;123;115;2022-2023
Milwaukee Bucks;Atlanta Hawks;bet-at-home;-227;+175;29 Oct 2022;123;115;2022-2023
Milwaukee Bucks;Atlanta Hawks;bet365;-222;+179;29 Oct 2022;123;115;2022-2023
Milwaukee Bucks;Atlanta Hawks;bwin;-222;+179;29 Oct 2022;123;115;2022-2023
Milwaukee Bucks;Atlanta Hawks;Coolbet;-213;+177;29 Oct 2022;123;115;2022-2023
Milwaukee Bucks;Atlanta Hawks;Curebet;-213;+175;29 Oct 2022;123;115;2022-2023
Milwaukee Bucks;Atlanta Hawks;GGBET;-213;+165;29 Oct 2022;123;115;2022-2023
Milwaukee Bucks;Atlanta Hawks;Lasbet;-208;+181;29 Oct 2022;123;115;2022-2023
Milwaukee Bucks;Atlanta Hawks;Marathonbet;-213;+181;29 Oct 2022;123;115;2022-2023
Milwaukee Bucks;Atlanta Hawks;N1 Bet;-217;+181;29 Oct 2022;123;115;2022-2023
Milwaukee Bucks;Atlanta Hawks;Pinnacle;-208;+185;29 Oct 2022;123;115;2022-2023
Milwaukee Bucks;Atlanta Hawks;Unibet;-222;+185;29 Oct 2022;123;115;2022-2023
Milwaukee Bucks;Atlanta Hawks;VOBET;-217;+172;29 Oct 2022;123;115;2022-2023
Milwaukee Bucks;Atlanta Hawks;William Hill;-222;+179;29 Oct 2022;123;115;2022-2023
Utah Jazz;Memphis Grizzlies;10x10bet;+129;-161;29 Oct 2022;124;123;2022-2023
Utah Jazz;Memphis Grizzlies;1xBet;+145;-154;29 Oct 2022;124;123;2022-2023
Utah Jazz;Memphis Grizzlies;bet-at-home;+129;-167;29 Oct 2022;124;123;2022-2023
Utah Jazz;Memphis Grizzlies;bet365;+129;-152;29 Oct 2022;124;123;2022-2023
Utah Jazz;Memphis Grizzlies;bwin;+135;-161;29 Oct 2022;124;123;2022-2023
Utah Jazz;Memphis Grizzlies;Coolbet;+135;-159;29 Oct 2022;124;123;2022-2023
Utah Jazz;Memphis Grizzlies;Curebet;+133;-159;29 Oct 2022;124;123;2022-2023
Utah Jazz;Memphis Grizzlies;GGBET;+125;-154;29 Oct 2022;124;123;2022-2023
Utah Jazz;Memphis Grizzlies;Lasbet;+140;-159;29 Oct 2022;124;123;2022-2023
Utah Jazz;Memphis Grizzlies;Marathonbet;+140;-161;29 Oct 2022;124;123;2022-2023
Utah Jazz;Memphis Grizzlies;N1 Bet;+129;-154;29 Oct 2022;124;123;2022-2023
Utah Jazz;Memphis Grizzlies;Pinnacle;+140;-156;29 Oct 2022;124;123;2022-2023
Utah Jazz;Memphis Grizzlies;Unibet;+127;-154;29 Oct 2022;124;123;2022-2023
Utah Jazz;Memphis Grizzlies;VOBET;+129;-161;29 Oct 2022;124;123;2022-2023
Utah Jazz;Memphis Grizzlies;William Hill;+140;-161;29 Oct 2022;124;123;2022-2023
Brooklyn Nets;Indiana Pacers;10x10bet;-667;+450;29 Oct 2022;116;125;2022-2023
Brooklyn Nets;Indiana Pacers;1xBet;-556;+484;29 Oct 2022;116;125;2022-2023
Brooklyn Nets;Indiana Pacers;bet-at-home;-909;+520;29 Oct 2022;116;125;2022-2023
Brooklyn Nets;Indiana Pacers;bet365;-625;+450;29 Oct 2022;116;125;2022-2023
Brooklyn Nets;Indiana Pacers;bwin;-625;+450;29 Oct 2022;116;125;2022-2023
Brooklyn Nets;Indiana Pacers;Coolbet;-625;+459;29 Oct 2022;116;125;2022-2023
Brooklyn Nets;Indiana Pacers;Curebet;-625;+455;29 Oct 2022;116;125;2022-2023
Brooklyn Nets;Indiana Pacers;GGBET;-833;+500;29 Oct 2022;116;125;2022-2023
Brooklyn Nets;Indiana Pacers;Lasbet;-625;+495;29 Oct 2022;116;125;2022-2023
Brooklyn Nets;Indiana Pacers;Marathonbet;-625;+465;29 Oct 2022;116;125;2022-2023
Brooklyn Nets;Indiana Pacers;N1 Bet;-769;+561;29 Oct 2022;116;125;2022-2023
Brooklyn Nets;Indiana Pacers;Pinnacle;-625;+499;29 Oct 2022;116;125;2022-2023
Brooklyn Nets;Indiana Pacers;Unibet;-556;+420;29 Oct 2022;116;125;2022-2023
Brooklyn Nets;Indiana Pacers;VOBET;-667;+450;29 Oct 2022;116;125;2022-2023
Brooklyn Nets;Indiana Pacers;William Hill;-667;+450;29 Oct 2022;116;125;2022-2023
Charlotte Hornets;Golden State Warriors;10x10bet;+359;-500;29 Oct 2022;120;113;2022-2023
Charlotte Hornets;Golden State Warriors;1xBet;+409;-455;29 Oct 2022;120;113;2022-2023
Charlotte Hornets;Golden State Warriors;bet-at-home;+370;-556;29 Oct 2022;120;113;2022-2023
Charlotte Hornets;Golden State Warriors;bet365;+375;-500;29 Oct 2022;120;113;2022-2023
Charlotte Hornets;Golden State Warriors;bwin;+365;-500;29 Oct 2022;120;113;2022-2023
Charlotte Hornets;Golden State Warriors;Coolbet;+370;-476;29 Oct 2022;120;113;2022-2023
Charlotte Hornets;Golden State Warriors;Curebet;+380;-500;29 Oct 2022;120;113;2022-2023
Charlotte Hornets;Golden State Warriors;GGBET;+395;-556;29 Oct 2022;120;113;2022-2023
Charlotte Hornets;Golden State Warriors;Lasbet;+390;-476;29 Oct 2022;120;113;2022-2023
Charlotte Hornets;Golden State Warriors;Marathonbet;+395;-500;29 Oct 2022;120;113;2022-2023
Charlotte Hornets;Golden State Warriors;N1 Bet;+395;-526;29 Oct 2022;120;113;2022-2023
Charlotte Hornets;Golden State Warriors;Pinnacle;+382;-476;29 Oct 2022;120;113;2022-2023
Charlotte Hornets;Golden State Warriors;Unibet;+350;-500;29 Oct 2022;120;113;2022-2023
Charlotte Hornets;Golden State Warriors;VOBET;+359;-500;29 Oct 2022;120;113;2022-2023
Charlotte Hornets;Golden State Warriors;William Hill;+359;-476;29 Oct 2022;120;113;2022-2023
Sacramento Kings;Miami Heat;10x10bet;+136;-169;29 Oct 2022;119;113;2022-2023
Sacramento Kings;Miami Heat;1xBet;+149;-159;29 Oct 2022;119;113;2022-2023
Sacramento Kings;Miami Heat;bet-at-home;+139;-179;29 Oct 2022;119;113;2022-2023
Sacramento Kings;Miami Heat;bet365;+145;-167;29 Oct 2022;119;113;2022-2023
Sacramento Kings;Miami Heat;bwin;+140;-167;29 Oct 2022;119;113;2022-2023
Sacramento Kings;Miami Heat;Coolbet;+146;-172;29 Oct 2022;119;113;2022-2023
Sacramento Kings;Miami Heat;Curebet;+150;-179;29 Oct 2022;119;113;2022-2023
Sacramento Kings;Miami Heat;GGBET;+140;-167;29 Oct 2022;119;113;2022-2023
Sacramento Kings;Miami Heat;Lasbet;+150;-172;29 Oct 2022;119;113;2022-2023
Sacramento Kings;Miami Heat;Marathonbet;+150;-175;29 Oct 2022;119;113;2022-2023
Sacramento Kings;Miami Heat;N1 Bet;+145;-172;29 Oct 2022;119;113;2022-2023
Sacramento Kings;Miami Heat;Pinnacle;+147;-164;29 Oct 2022;119;113;2022-2023
Sacramento Kings;Miami Heat;Unibet;+145;-172;29 Oct 2022;119;113;2022-2023
Sacramento Kings;Miami Heat;VOBET;+136;-169;29 Oct 2022;119;113;2022-2023
Sacramento Kings;Miami Heat;William Hill;+145;-169;29 Oct 2022;119;113;2022-2023
Phoenix Suns;New Orleans Pelicans;10x10bet;-333;+254;28 Oct 2022;124;111;2022-2023
Phoenix Suns;New Orleans Pelicans;1xBet;-303;+276;28 Oct 2022;124;111;2022-2023
Phoenix Suns;New Orleans Pelicans;bet-at-home;-357;+260;28 Oct 2022;124;111;2022-2023
Phoenix Suns;New Orleans Pelicans;bet365;-333;+265;28 Oct 2022;124;111;2022-2023
Phoenix Suns;New Orleans Pelicans;bwin;-357;+275;28 Oct 2022;124;111;2022-2023
Phoenix Suns;New Orleans Pelicans;Coolbet;-345;+280;28 Oct 2022;124;111;2022-2023
Phoenix Suns;New Orleans Pelicans;Curebet;-333;+267;28 Oct 2022;124;111;2022-2023
Phoenix Suns;New Orleans Pelicans;GGBET;-286;+235;28 Oct 2022;124;111;2022-2023
Phoenix Suns;New Orleans Pelicans;Lasbet;-312;+267;28 Oct 2022;124;111;2022-2023
Phoenix Suns;New Orleans Pelicans;Marathonbet;-312;+258;28 Oct 2022;124;111;2022-2023
Phoenix Suns;New Orleans Pelicans;N1 Bet;-345;+274;28 Oct 2022;124;111;2022-2023
Phoenix Suns;New Orleans Pelicans;Pinnacle;-312;+269;28 Oct 2022;124;111;2022-2023
Phoenix Suns;New Orleans Pelicans;Unibet;-333;+265;28 Oct 2022;124;111;2022-2023
Phoenix Suns;New Orleans Pelicans;VOBET;-333;+254;28 Oct 2022;124;111;2022-2023
Phoenix Suns;New Orleans Pelicans;William Hill;-345;+270;28 Oct 2022;124;111;2022-2023
Portland Trail Blazers;Houston Rockets;10x10bet;-182;+145;28 Oct 2022;125;111;2022-2023
Portland Trail Blazers;Houston Rockets;1xBet;-172;+163;28 Oct 2022;125;111;2022-2023
Portland Trail Blazers;Houston Rockets;bet-at-home;-189;+145;28 Oct 2022;125;111;2022-2023
Portland Trail Blazers;Houston Rockets;bet365;-182;+160;28 Oct 2022;125;111;2022-2023
Portland Trail Blazers;Houston Rockets;bwin;-175;+145;28 Oct 2022;125;111;2022-2023
Portland Trail Blazers;Houston Rockets;Coolbet;-185;+156;28 Oct 2022;125;111;2022-2023
Portland Trail Blazers;Houston Rockets;Curebet;-179;+150;28 Oct 2022;125;111;2022-2023
Portland Trail Blazers;Houston Rockets;GGBET;-182;+150;28 Oct 2022;125;111;2022-2023
Portland Trail Blazers;Houston Rockets;Lasbet;-175;+154;28 Oct 2022;125;111;2022-2023
Portland Trail Blazers;Houston Rockets;Marathonbet;-185;+158;28 Oct 2022;125;111;2022-2023
Portland Trail Blazers;Houston Rockets;N1 Bet;-179;+150;28 Oct 2022;125;111;2022-2023
Portland Trail Blazers;Houston Rockets;Pinnacle;-175;+156;28 Oct 2022;125;111;2022-2023
Portland Trail Blazers;Houston Rockets;Unibet;-172;+143;28 Oct 2022;125;111;2022-2023
Portland Trail Blazers;Houston Rockets;VOBET;-182;+145;28 Oct 2022;125;111;2022-2023
Portland Trail Blazers;Houston Rockets;William Hill;-189;+160;28 Oct 2022;125;111;2022-2023
Denver Nuggets;Utah Jazz;10x10bet;-294;+225;28 Oct 2022;117;101;2022-2023
Denver Nuggets;Utah Jazz;1xBet;-303;+276;28 Oct 2022;117;101;2022-2023
Denver Nuggets;Utah Jazz;bet-at-home;-357;+260;28 Oct 2022;117;101;2022-2023
Denver Nuggets;Utah Jazz;bet365;-323;+260;28 Oct 2022;117;101;2022-2023
Denver Nuggets;Utah Jazz;bwin;-294;+229;28 Oct 2022;117;101;2022-2023
Denver Nuggets;Utah Jazz;Coolbet;-303;+250;28 Oct 2022;117;101;2022-2023
Denver Nuggets;Utah Jazz;Curebet;-286;+231;28 Oct 2022;117;101;2022-2023
Denver Nuggets;Utah Jazz;GGBET;-286;+225;28 Oct 2022;117;101;2022-2023
Denver Nuggets;Utah Jazz;Lasbet;-278;+239;28 Oct 2022;117;101;2022-2023
Denver Nuggets;Utah Jazz;Marathonbet;-303;+252;28 Oct 2022;117;101;2022-2023
Denver Nuggets;Utah Jazz;N1 Bet;-345;+276;28 Oct 2022;117;101;2022-2023
Denver Nuggets;Utah Jazz;Pinnacle;-278;+240;28 Oct 2022;117;101;2022-2023
Denver Nuggets;Utah Jazz;Unibet;-312;+254;28 Oct 2022;117;101;2022-2023
Denver Nuggets;Utah Jazz;VOBET;-294;+225;28 Oct 2022;117;101;2022-2023
Denver Nuggets;Utah Jazz;William Hill;-323;+250;28 Oct 2022;117;101;2022-2023
San Antonio Spurs;Chicago Bulls;10x10bet;+140;-175;28 Oct 2022;129;124;2022-2023
San Antonio Spurs;Chicago Bulls;1xBet;+158;-169;28 Oct 2022;129;124;2022-2023
San Antonio Spurs;Chicago Bulls;bet-at-home;+137;-175;28 Oct 2022;129;124;2022-2023
San Antonio Spurs;Chicago Bulls;bet365;+154;-175;28 Oct 2022;129;124;2022-2023
San Antonio Spurs;Chicago Bulls;bwin;+154;-189;28 Oct 2022;129;124;2022-2023
San Antonio Spurs;Chicago Bulls;Coolbet;+148;-175;28 Oct 2022;129;124;2022-2023
San Antonio Spurs;Chicago Bulls;Curebet;+144;-172;28 Oct 2022;129;124;2022-2023
San Antonio Spurs;Chicago Bulls;GGBET;+145;-182;28 Oct 2022;129;124;2022-2023
San Antonio Spurs;Chicago Bulls;Lasbet;+149;-169;28 Oct 2022;129;124;2022-2023
San Antonio Spurs;Chicago Bulls;Marathonbet;+152;-179;28 Oct 2022;129;124;2022-2023
San Antonio Spurs;Chicago Bulls;N1 Bet;+143;-169;28 Oct 2022;129;124;2022-2023
San Antonio Spurs;Chicago Bulls;Pinnacle;+150;-169;28 Oct 2022;129;124;2022-2023
San Antonio Spurs;Chicago Bulls;Unibet;+148;-175;28 Oct 2022;129;124;2022-2023
San Antonio Spurs;Chicago Bulls;VOBET;+140;-175;28 Oct 2022;129;124;2022-2023
San Antonio Spurs;Chicago Bulls;William Hill;+154;-179;28 Oct 2022;129;124;2022-2023
Milwaukee Bucks;New York Knicks;10x10bet;-227;+179;28 Oct 2022;119;108;2022-2023
Milwaukee Bucks;New York Knicks;1xBet;-222;+206;28 Oct 2022;119;108;2022-2023
Milwaukee Bucks;New York Knicks;bet-at-home;-244;+185;28 Oct 2022;119;108;2022-2023
Milwaukee Bucks;New York Knicks;bet365;-244;+200;28 Oct 2022;119;108;2022-2023
Milwaukee Bucks;New York Knicks;bwin;-238;+195;28 Oct 2022;119;108;2022-2023
Milwaukee Bucks;New York Knicks;Coolbet;-238;+198;28 Oct 2022;119;108;2022-2023
Milwaukee Bucks;New York Knicks;Curebet;-222;+183;28 Oct 2022;119;108;2022-2023
Milwaukee Bucks;New York Knicks;GGBET;-238;+190;28 Oct 2022;119;108;2022-2023
Milwaukee Bucks;New York Knicks;Lasbet;-217;+189;28 Oct 2022;119;108;2022-2023
Milwaukee Bucks;New York Knicks;Marathonbet;-233;+196;28 Oct 2022;119;108;2022-2023
Milwaukee Bucks;New York Knicks;N1 Bet;-233;+194;28 Oct 2022;119;108;2022-2023
Milwaukee Bucks;New York Knicks;Pinnacle;-217;+192;28 Oct 2022;119;108;2022-2023
Milwaukee Bucks;New York Knicks;Unibet;-233;+195;28 Oct 2022;119;108;2022-2023
Milwaukee Bucks;New York Knicks;VOBET;-227;+179;28 Oct 2022;119;108;2022-2023
Milwaukee Bucks;New York Knicks;William Hill;-250;+204;28 Oct 2022;119;108;2022-2023
Minnesota Timberwolves;Los Angeles Lakers;10x10bet;-345;+263;28 Oct 2022;111;102;2022-2023
Minnesota Timberwolves;Los Angeles Lakers;1xBet;-312;+284;28 Oct 2022;111;102;2022-2023
Minnesota Timberwolves;Los Angeles Lakers;bet-at-home;-333;+245;28 Oct 2022;111;102;2022-2023
Minnesota Timberwolves;Los Angeles Lakers;bet365;-345;+270;28 Oct 2022;111;102;2022-2023
Minnesota Timberwolves;Los Angeles Lakers;bwin;-333;+260;28 Oct 2022;111;102;2022-2023
Minnesota Timberwolves;Los Angeles Lakers;Coolbet;-333;+270;28 Oct 2022;111;102;2022-2023
Minnesota Timberwolves;Los Angeles Lakers;Curebet;-333;+267;28 Oct 2022;111;102;2022-2023
Minnesota Timberwolves;Los Angeles Lakers;GGBET;-333;+254;28 Oct 2022;111;102;2022-2023
Minnesota Timberwolves;Los Angeles Lakers;Lasbet;-323;+275;28 Oct 2022;111;102;2022-2023
Minnesota Timberwolves;Los Angeles Lakers;Marathonbet;-286;+284;28 Oct 2022;111;102;2022-2023
Minnesota Timberwolves;Los Angeles Lakers;N1 Bet;-323;+259;28 Oct 2022;111;102;2022-2023
Minnesota Timberwolves;Los Angeles Lakers;Pinnacle;-323;+275;28 Oct 2022;111;102;2022-2023
Minnesota Timberwolves;Los Angeles Lakers;Unibet;-312;+254;28 Oct 2022;111;102;2022-2023
Minnesota Timberwolves;Los Angeles Lakers;VOBET;-345;+263;28 Oct 2022;111;102;2022-2023
Minnesota Timberwolves;Los Angeles Lakers;William Hill;-345;+270;28 Oct 2022;111;102;2022-2023
Boston Celtics;Cleveland Cavaliers;10x10bet;-294;+225;28 Oct 2022;123;132;2022-2023
Boston Celtics;Cleveland Cavaliers;1xBet;-244;+227;28 Oct 2022;123;132;2022-2023
Boston Celtics;Cleveland Cavaliers;bet-at-home;-286;+215;28 Oct 2022;123;132;2022-2023
Boston Celtics;Cleveland Cavaliers;bet365;-278;+225;28 Oct 2022;123;132;2022-2023
Boston Celtics;Cleveland Cavaliers;bwin;-303;+240;28 Oct 2022;123;132;2022-2023
Boston Celtics;Cleveland Cavaliers;Coolbet;-270;+220;28 Oct 2022;123;132;2022-2023
Boston Celtics;Cleveland Cavaliers;Curebet;-286;+231;28 Oct 2022;123;132;2022-2023
Boston Celtics;Cleveland Cavaliers;GGBET;-270;+215;28 Oct 2022;123;132;2022-2023
Boston Celtics;Cleveland Cavaliers;Lasbet;-278;+239;28 Oct 2022;123;132;2022-2023
Boston Celtics;Cleveland Cavaliers;Marathonbet;-256;+254;28 Oct 2022;123;132;2022-2023
Boston Celtics;Cleveland Cavaliers;N1 Bet;-278;+225;28 Oct 2022;123;132;2022-2023
Boston Celtics;Cleveland Cavaliers;Pinnacle;-270;+231;28 Oct 2022;123;132;2022-2023
Boston Celtics;Cleveland Cavaliers;Unibet;-263;+220;28 Oct 2022;123;132;2022-2023
Boston Celtics;Cleveland Cavaliers;VOBET;-294;+225;28 Oct 2022;123;132;2022-2023
Boston Celtics;Cleveland Cavaliers;William Hill;-278;+229;28 Oct 2022;123;132;2022-2023
Toronto Raptors;Philadelphia 76ers;10x10bet;-182;+145;28 Oct 2022; 90;112;2022-2023
Toronto Raptors;Philadelphia 76ers;1xBet;-164;+152;28 Oct 2022; 90;112;2022-2023
Toronto Raptors;Philadelphia 76ers;bet-at-home;-167;+129;28 Oct 2022; 90;112;2022-2023
Toronto Raptors;Philadelphia 76ers;bet365;-167;+145;28 Oct 2022; 90;112;2022-2023
Toronto Raptors;Philadelphia 76ers;bwin;-175;+145;28 Oct 2022; 90;112;2022-2023
Toronto Raptors;Philadelphia 76ers;Coolbet;-169;+142;28 Oct 2022; 90;112;2022-2023
Toronto Raptors;Philadelphia 76ers;Curebet;-179;+150;28 Oct 2022; 90;112;2022-2023
Toronto Raptors;Philadelphia 76ers;GGBET;-154;+125;28 Oct 2022; 90;112;2022-2023
Toronto Raptors;Philadelphia 76ers;Lasbet;-175;+154;28 Oct 2022; 90;112;2022-2023
Toronto Raptors;Philadelphia 76ers;Marathonbet;-172;+148;28 Oct 2022; 90;112;2022-2023
Toronto Raptors;Philadelphia 76ers;N1 Bet;-159;+135;28 Oct 2022; 90;112;2022-2023
Toronto Raptors;Philadelphia 76ers;Pinnacle;-154;+138;28 Oct 2022; 90;112;2022-2023
Toronto Raptors;Philadelphia 76ers;Unibet;-172;+145;28 Oct 2022; 90;112;2022-2023
Toronto Raptors;Philadelphia 76ers;VOBET;-182;+145;28 Oct 2022; 90;112;2022-2023
Toronto Raptors;Philadelphia 76ers;William Hill;-161;+140;28 Oct 2022; 90;112;2022-2023
Washington Wizards;Indiana Pacers;10x10bet;-196;+154;28 Oct 2022;117;127;2022-2023
Washington Wizards;Indiana Pacers;1xBet;-196;+181;28 Oct 2022;117;127;2022-2023
Washington Wizards;Indiana Pacers;bet-at-home;-200;+154;28 Oct 2022;117;127;2022-2023
Washington Wizards;Indiana Pacers;bet365;-213;+175;28 Oct 2022;117;127;2022-2023
Washington Wizards;Indiana Pacers;bwin;-200;+165;28 Oct 2022;117;127;2022-2023
Washington Wizards;Indiana Pacers;Coolbet;-213;+177;28 Oct 2022;117;127;2022-2023
Washington Wizards;Indiana Pacers;Curebet;-192;+160;28 Oct 2022;117;127;2022-2023
Washington Wizards;Indiana Pacers;GGBET;-200;+160;28 Oct 2022;117;127;2022-2023
Washington Wizards;Indiana Pacers;Lasbet;-185;+162;28 Oct 2022;117;127;2022-2023
Washington Wizards;Indiana Pacers;Marathonbet;-200;+170;28 Oct 2022;117;127;2022-2023
Washington Wizards;Indiana Pacers;N1 Bet;-192;+162;28 Oct 2022;117;127;2022-2023
Washington Wizards;Indiana Pacers;Pinnacle;-179;+161;28 Oct 2022;117;127;2022-2023
Washington Wizards;Indiana Pacers;Unibet;-200;+163;28 Oct 2022;117;127;2022-2023
Washington Wizards;Indiana Pacers;VOBET;-196;+154;28 Oct 2022;117;127;2022-2023
Washington Wizards;Indiana Pacers;William Hill;-200;+170;28 Oct 2022;117;127;2022-2023
Detroit Pistons;Atlanta Hawks;10x10bet;+190;-244;28 Oct 2022;112;136;2022-2023
Detroit Pistons;Atlanta Hawks;1xBet;+202;-217;28 Oct 2022;112;136;2022-2023
Detroit Pistons;Atlanta Hawks;bet-at-home;+185;-244;28 Oct 2022;112;136;2022-2023
Detroit Pistons;Atlanta Hawks;bet365;+195;-238;28 Oct 2022;112;136;2022-2023
Detroit Pistons;Atlanta Hawks;bwin;+195;-238;28 Oct 2022;112;136;2022-2023
Detroit Pistons;Atlanta Hawks;Coolbet;+206;-250;28 Oct 2022;112;136;2022-2023
Detroit Pistons;Atlanta Hawks;Curebet;+195;-238;28 Oct 2022;112;136;2022-2023
Detroit Pistons;Atlanta Hawks;GGBET;+190;-238;28 Oct 2022;112;136;2022-2023
Detroit Pistons;Atlanta Hawks;Lasbet;+202;-233;28 Oct 2022;112;136;2022-2023
Detroit Pistons;Atlanta Hawks;Marathonbet;+204;-244;28 Oct 2022;112;136;2022-2023
Detroit Pistons;Atlanta Hawks;N1 Bet;+196;-238;28 Oct 2022;112;136;2022-2023
Detroit Pistons;Atlanta Hawks;Pinnacle;+199;-227;28 Oct 2022;112;136;2022-2023
Detroit Pistons;Atlanta Hawks;Unibet;+188;-227;28 Oct 2022;112;136;2022-2023
Detroit Pistons;Atlanta Hawks;VOBET;+190;-244;28 Oct 2022;112;136;2022-2023
Detroit Pistons;Atlanta Hawks;William Hill;+190;-233;28 Oct 2022;112;136;2022-2023
Orlando Magic;Charlotte Hornets;10x10bet;-102;-122;28 Oct 2022;113;93 ;2022-2023
Orlando Magic;Charlotte Hornets;1xBet;+110;-118;28 Oct 2022;113;93 ;2022-2023
Orlando Magic;Charlotte Hornets;bet-at-home;-101;-127;28 Oct 2022;113;93 ;2022-2023
Orlando Magic;Charlotte Hornets;bet365;+104;-125;28 Oct 2022;113;93 ;2022-2023
Orlando Magic;Charlotte Hornets;bwin;+104;-125;28 Oct 2022;113;93 ;2022-2023
Orlando Magic;Charlotte Hornets;Coolbet;+102;-120;28 Oct 2022;113;93 ;2022-2023
Orlando Magic;Charlotte Hornets;Curebet;+102;-120;28 Oct 2022;113;93 ;2022-2023
Orlando Magic;Charlotte Hornets;GGBET;-105;-118;28 Oct 2022;113;93 ;2022-2023
Orlando Magic;Charlotte Hornets;Lasbet;+104;-118;28 Oct 2022;113;93 ;2022-2023
Orlando Magic;Charlotte Hornets;Marathonbet;+106;-123;28 Oct 2022;113;93 ;2022-2023
Orlando Magic;Charlotte Hornets;N1 Bet;+102;-120;28 Oct 2022;113;93 ;2022-2023
Orlando Magic;Charlotte Hornets;Pinnacle;+104;-115;28 Oct 2022;113;93 ;2022-2023
Orlando Magic;Charlotte Hornets;Unibet;+102;-122;28 Oct 2022;113;93 ;2022-2023
Orlando Magic;Charlotte Hornets;VOBET;-102;-122;28 Oct 2022;113;93 ;2022-2023
Orlando Magic;Charlotte Hornets;William Hill;+100;-120;28 Oct 2022;113;93 ;2022-2023
Golden State Warriors;Miami Heat;10x10bet;-233;+183;27 Oct 2022;123;110;2022-2023
Golden State Warriors;Miami Heat;1xBet;-222;+206;27 Oct 2022;123;110;2022-2023
Golden State Warriors;Miami Heat;bet-at-home;-233;+175;27 Oct 2022;123;110;2022-2023
Golden State Warriors;Miami Heat;bet365;-227;+185;27 Oct 2022;123;110;2022-2023
Golden State Warriors;Miami Heat;bwin;-222;+179;27 Oct 2022;123;110;2022-2023
Golden State Warriors;Miami Heat;Coolbet;-222;+185;27 Oct 2022;123;110;2022-2023
Golden State Warriors;Miami Heat;Curebet;-233;+192;27 Oct 2022;123;110;2022-2023
Golden State Warriors;Miami Heat;GGBET;-222;+175;27 Oct 2022;123;110;2022-2023
Golden State Warriors;Miami Heat;Lasbet;-222;+193;27 Oct 2022;123;110;2022-2023
Golden State Warriors;Miami Heat;Marathonbet;-213;+181;27 Oct 2022;123;110;2022-2023
Golden State Warriors;Miami Heat;N1 Bet;-222;+184;27 Oct 2022;123;110;2022-2023
Golden State Warriors;Miami Heat;Pinnacle;-204;+179;27 Oct 2022;123;110;2022-2023
Golden State Warriors;Miami Heat;Unibet;-233;+190;27 Oct 2022;123;110;2022-2023
Golden State Warriors;Miami Heat;VOBET;-233;+183;27 Oct 2022;123;110;2022-2023
Golden State Warriors;Miami Heat;William Hill;-233;+190;27 Oct 2022;123;110;2022-2023
Sacramento Kings;Memphis Grizzlies;10x10bet;+124;-154;27 Oct 2022;110;125;2022-2023
Sacramento Kings;Memphis Grizzlies;1xBet;+129;-137;27 Oct 2022;110;125;2022-2023
Sacramento Kings;Memphis Grizzlies;bet-at-home;+114;-145;27 Oct 2022;110;125;2022-2023
Sacramento Kings;Memphis Grizzlies;bet365;+125;-147;27 Oct 2022;110;125;2022-2023
Sacramento Kings;Memphis Grizzlies;bwin;+125;-149;27 Oct 2022;110;125;2022-2023
Sacramento Kings;Memphis Grizzlies;Coolbet;+120;-141;27 Oct 2022;110;125;2022-2023
Sacramento Kings;Memphis Grizzlies;Curebet;+127;-152;27 Oct 2022;110;125;2022-2023
Sacramento Kings;Memphis Grizzlies;GGBET;+114;-143;27 Oct 2022;110;125;2022-2023
Sacramento Kings;Memphis Grizzlies;Lasbet;+129;-147;27 Oct 2022;110;125;2022-2023
Sacramento Kings;Memphis Grizzlies;Marathonbet;+129;-149;27 Oct 2022;110;125;2022-2023
Sacramento Kings;Memphis Grizzlies;N1 Bet;+119;-139;27 Oct 2022;110;125;2022-2023
Sacramento Kings;Memphis Grizzlies;Pinnacle;+121;-133;27 Oct 2022;110;125;2022-2023
Sacramento Kings;Memphis Grizzlies;Unibet;+118;-141;27 Oct 2022;110;125;2022-2023
Sacramento Kings;Memphis Grizzlies;VOBET;+124;-154;27 Oct 2022;110;125;2022-2023
Sacramento Kings;Memphis Grizzlies;William Hill;+120;-141;27 Oct 2022;110;125;2022-2023
Oklahoma City Thunder;Los Angeles Clippers;10x10bet;+225;-294;27 Oct 2022;118;110;2022-2023
Oklahoma City Thunder;Los Angeles Clippers;1xBet;+227;-244;27 Oct 2022;118;110;2022-2023
Oklahoma City Thunder;Los Angeles Clippers;bet-at-home;+229;-312;27 Oct 2022;118;110;2022-2023
Oklahoma City Thunder;Los Angeles Clippers;bet365;+220;-270;27 Oct 2022;118;110;2022-2023
Oklahoma City Thunder;Los Angeles Clippers;bwin;+229;-286;27 Oct 2022;118;110;2022-2023
Oklahoma City Thunder;Los Angeles Clippers;Coolbet;+210;-256;27 Oct 2022;118;110;2022-2023
Oklahoma City Thunder;Los Angeles Clippers;Curebet;+225;-278;27 Oct 2022;118;110;2022-2023
Oklahoma City Thunder;Los Angeles Clippers;GGBET;+225;-286;27 Oct 2022;118;110;2022-2023
Oklahoma City Thunder;Los Angeles Clippers;Lasbet;+239;-278;27 Oct 2022;118;110;2022-2023
Oklahoma City Thunder;Los Angeles Clippers;Marathonbet;+202;-238;27 Oct 2022;118;110;2022-2023
Oklahoma City Thunder;Los Angeles Clippers;N1 Bet;+240;-294;27 Oct 2022;118;110;2022-2023
Oklahoma City Thunder;Los Angeles Clippers;Pinnacle;+220;-250;27 Oct 2022;118;110;2022-2023
Oklahoma City Thunder;Los Angeles Clippers;Unibet;+215;-263;27 Oct 2022;118;110;2022-2023
Oklahoma City Thunder;Los Angeles Clippers;VOBET;+220;-286;27 Oct 2022;118;110;2022-2023
Oklahoma City Thunder;Los Angeles Clippers;William Hill;+220;-270;27 Oct 2022;118;110;2022-2023
Brooklyn Nets;Dallas Mavericks;10x10bet;+120;-149;27 Oct 2022;125;129;2022-2023
Brooklyn Nets;Dallas Mavericks;1xBet;+129;-137;27 Oct 2022;125;129;2022-2023
Brooklyn Nets;Dallas Mavericks;bet-at-home;+112;-143;27 Oct 2022;125;129;2022-2023
Brooklyn Nets;Dallas Mavericks;bet365;+125;-147;27 Oct 2022;125;129;2022-2023
Brooklyn Nets;Dallas Mavericks;bwin;+125;-149;27 Oct 2022;125;129;2022-2023
Brooklyn Nets;Dallas Mavericks;Coolbet;+125;-147;27 Oct 2022;125;129;2022-2023
Brooklyn Nets;Dallas Mavericks;Curebet;+123;-147;27 Oct 2022;125;129;2022-2023
Brooklyn Nets;Dallas Mavericks;GGBET;+110;-133;27 Oct 2022;125;129;2022-2023
Brooklyn Nets;Dallas Mavericks;Lasbet;+125;-143;27 Oct 2022;125;129;2022-2023
Brooklyn Nets;Dallas Mavericks;Marathonbet;+129;-132;27 Oct 2022;125;129;2022-2023
Brooklyn Nets;Dallas Mavericks;N1 Bet;+117;-137;27 Oct 2022;125;129;2022-2023
Brooklyn Nets;Dallas Mavericks;Pinnacle;+123;-135;27 Oct 2022;125;129;2022-2023
Brooklyn Nets;Dallas Mavericks;Unibet;+125;-149;27 Oct 2022;125;129;2022-2023
Brooklyn Nets;Dallas Mavericks;VOBET;+120;-149;27 Oct 2022;125;129;2022-2023
Brooklyn Nets;Dallas Mavericks;William Hill;+125;-145;27 Oct 2022;125;129;2022-2023
Denver Nuggets;Los Angeles Lakers;10x10bet;-196;+154;26 Oct 2022;110;99 ;2022-2023
Denver Nuggets;Los Angeles Lakers;1xBet;-189;+175;26 Oct 2022;110;99 ;2022-2023
Denver Nuggets;Los Angeles Lakers;bet-at-home;-204;+154;26 Oct 2022;110;99 ;2022-2023
Denver Nuggets;Los Angeles Lakers;bet365;-200;+170;26 Oct 2022;110;99 ;2022-2023
Denver Nuggets;Los Angeles Lakers;bwin;-222;+179;26 Oct 2022;110;99 ;2022-2023
Denver Nuggets;Los Angeles Lakers;Coolbet;-196;+165;26 Oct 2022;110;99 ;2022-2023
Denver Nuggets;Los Angeles Lakers;Curebet;-192;+160;26 Oct 2022;110;99 ;2022-2023
Denver Nuggets;Los Angeles Lakers;GGBET;-200;+160;26 Oct 2022;110;99 ;2022-2023
Denver Nuggets;Los Angeles Lakers;Lasbet;-189;+165;26 Oct 2022;110;99 ;2022-2023
Denver Nuggets;Los Angeles Lakers;Marathonbet;-175;+174;26 Oct 2022;110;99 ;2022-2023
Denver Nuggets;Los Angeles Lakers;N1 Bet;-196;+164;26 Oct 2022;110;99 ;2022-2023
Denver Nuggets;Los Angeles Lakers;Pinnacle;-189;+168;26 Oct 2022;110;99 ;2022-2023
Denver Nuggets;Los Angeles Lakers;Unibet;-189;+160;26 Oct 2022;110;99 ;2022-2023
Denver Nuggets;Los Angeles Lakers;VOBET;-196;+154;26 Oct 2022;110;99 ;2022-2023
Denver Nuggets;Los Angeles Lakers;William Hill;-200;+170;26 Oct 2022;110;99 ;2022-2023
Portland Trail Blazers;Miami Heat;10x10bet;+117;-145;26 Oct 2022; 98;119;2022-2023
Portland Trail Blazers;Miami Heat;1xBet;+125;-133;26 Oct 2022; 98;119;2022-2023
Portland Trail Blazers;Miami Heat;bet-at-home;+114;-147;26 Oct 2022; 98;119;2022-2023
Portland Trail Blazers;Miami Heat;bet365;+120;-141;26 Oct 2022; 98;119;2022-2023
Portland Trail Blazers;Miami Heat;bwin;+120;-145;26 Oct 2022; 98;119;2022-2023
Portland Trail Blazers;Miami Heat;Coolbet;+110;-132;26 Oct 2022; 98;119;2022-2023
Portland Trail Blazers;Miami Heat;Curebet;+120;-143;26 Oct 2022; 98;119;2022-2023
Portland Trail Blazers;Miami Heat;GGBET;+114;-143;26 Oct 2022; 98;119;2022-2023
Portland Trail Blazers;Miami Heat;Lasbet;+123;-139;26 Oct 2022; 98;119;2022-2023
Portland Trail Blazers;Miami Heat;Marathonbet;+125;-145;26 Oct 2022; 98;119;2022-2023
Portland Trail Blazers;Miami Heat;N1 Bet;+120;-141;26 Oct 2022; 98;119;2022-2023
Portland Trail Blazers;Miami Heat;Pinnacle;+123;-135;26 Oct 2022; 98;119;2022-2023
Portland Trail Blazers;Miami Heat;Unibet;+114;-137;26 Oct 2022; 98;119;2022-2023
Portland Trail Blazers;Miami Heat;VOBET;+117;-145;26 Oct 2022; 98;119;2022-2023
Portland Trail Blazers;Miami Heat;William Hill;+120;-141;26 Oct 2022; 98;119;2022-2023
Utah Jazz;Houston Rockets;10x10bet;-370;+280;26 Oct 2022;109;101;2022-2023
Utah Jazz;Houston Rockets;1xBet;-333;+300;26 Oct 2022;109;101;2022-2023
Utah Jazz;Houston Rockets;bet-at-home;-357;+254;26 Oct 2022;109;101;2022-2023
Utah Jazz;Houston Rockets;bet365;-370;+280;26 Oct 2022;109;101;2022-2023
Utah Jazz;Houston Rockets;bwin;-385;+300;26 Oct 2022;109;101;2022-2023
Utah Jazz;Houston Rockets;Coolbet;-345;+277;26 Oct 2022;109;101;2022-2023
Utah Jazz;Houston Rockets;Curebet;-357;+284;26 Oct 2022;109;101;2022-2023
Utah Jazz;Houston Rockets;GGBET;-400;+305;26 Oct 2022;109;101;2022-2023
Utah Jazz;Houston Rockets;Lasbet;-345;+292;26 Oct 2022;109;101;2022-2023
Utah Jazz;Houston Rockets;Marathonbet;-333;+274;26 Oct 2022;109;101;2022-2023
Utah Jazz;Houston Rockets;N1 Bet;-333;+271;26 Oct 2022;109;101;2022-2023
Utah Jazz;Houston Rockets;Pinnacle;-345;+289;26 Oct 2022;109;101;2022-2023
Utah Jazz;Houston Rockets;Unibet;-312;+245;26 Oct 2022;109;101;2022-2023
Utah Jazz;Houston Rockets;VOBET;-370;+280;26 Oct 2022;109;101;2022-2023
Utah Jazz;Houston Rockets;William Hill;-357;+285;26 Oct 2022;109;101;2022-2023
Chicago Bulls;Indiana Pacers;10x10bet;-270;+210;26 Oct 2022;124;109;2022-2023
Chicago Bulls;Indiana Pacers;1xBet;-256;+238;26 Oct 2022;124;109;2022-2023
Chicago Bulls;Indiana Pacers;bet-at-home;-333;+245;26 Oct 2022;124;109;2022-2023
Chicago Bulls;Indiana Pacers;bet365;-286;+229;26 Oct 2022;124;109;2022-2023
Chicago Bulls;Indiana Pacers;bwin;-303;+240;26 Oct 2022;124;109;2022-2023
Chicago Bulls;Indiana Pacers;Coolbet;-278;+229;26 Oct 2022;124;109;2022-2023
Chicago Bulls;Indiana Pacers;Curebet;-263;+215;26 Oct 2022;124;109;2022-2023
Chicago Bulls;Indiana Pacers;GGBET;-286;+220;26 Oct 2022;124;109;2022-2023
Chicago Bulls;Indiana Pacers;Lasbet;-256;+222;26 Oct 2022;124;109;2022-2023
Chicago Bulls;Indiana Pacers;Marathonbet;-303;+250;26 Oct 2022;124;109;2022-2023
Chicago Bulls;Indiana Pacers;N1 Bet;-312;+256;26 Oct 2022;124;109;2022-2023
Chicago Bulls;Indiana Pacers;Pinnacle;-263;+227;26 Oct 2022;124;109;2022-2023
Chicago Bulls;Indiana Pacers;Unibet;-263;+215;26 Oct 2022;124;109;2022-2023
Chicago Bulls;Indiana Pacers;VOBET;-270;+210;26 Oct 2022;124;109;2022-2023
Chicago Bulls;Indiana Pacers;William Hill;-278;+229;26 Oct 2022;124;109;2022-2023
Minnesota Timberwolves;San Antonio Spurs;10x10bet;-455;+334;26 Oct 2022;134;122;2022-2023
Minnesota Timberwolves;San Antonio Spurs;1xBet;-455;+409;26 Oct 2022;134;122;2022-2023
Minnesota Timberwolves;San Antonio Spurs;bet-at-home;-455;+320;26 Oct 2022;134;122;2022-2023
Minnesota Timberwolves;San Antonio Spurs;bet365;-500;+375;26 Oct 2022;134;122;2022-2023
Minnesota Timberwolves;San Antonio Spurs;bwin;-455;+333;26 Oct 2022;134;122;2022-2023
Minnesota Timberwolves;San Antonio Spurs;Coolbet;-476;+368;26 Oct 2022;134;122;2022-2023
Minnesota Timberwolves;San Antonio Spurs;Curebet;-455;+350;26 Oct 2022;134;122;2022-2023
Minnesota Timberwolves;San Antonio Spurs;GGBET;-500;+359;26 Oct 2022;134;122;2022-2023
Minnesota Timberwolves;San Antonio Spurs;Lasbet;-435;+359;26 Oct 2022;134;122;2022-2023
Minnesota Timberwolves;San Antonio Spurs;Marathonbet;-417;+333;26 Oct 2022;134;122;2022-2023
Minnesota Timberwolves;San Antonio Spurs;N1 Bet;-435;+337;26 Oct 2022;134;122;2022-2023
Minnesota Timberwolves;San Antonio Spurs;Pinnacle;-435;+359;26 Oct 2022;134;122;2022-2023
Minnesota Timberwolves;San Antonio Spurs;Unibet;-400;+320;26 Oct 2022;134;122;2022-2023
Minnesota Timberwolves;San Antonio Spurs;VOBET;-455;+334;26 Oct 2022;134;122;2022-2023
Minnesota Timberwolves;San Antonio Spurs;William Hill;-476;+359;26 Oct 2022;134;122;2022-2023
Milwaukee Bucks;Brooklyn Nets;10x10bet;-149;+120;26 Oct 2022;110;99 ;2022-2023
Milwaukee Bucks;Brooklyn Nets;1xBet;-159;+149;26 Oct 2022;110;99 ;2022-2023
Milwaukee Bucks;Brooklyn Nets;bet-at-home;-154;+121;26 Oct 2022;110;99 ;2022-2023
Milwaukee Bucks;Brooklyn Nets;bet365;-152;+129;26 Oct 2022;110;99 ;2022-2023
Milwaukee Bucks;Brooklyn Nets;bwin;-154;+125;26 Oct 2022;110;99 ;2022-2023
Milwaukee Bucks;Brooklyn Nets;Coolbet;-161;+135;26 Oct 2022;110;99 ;2022-2023
Milwaukee Bucks;Brooklyn Nets;Curebet;-147;+123;26 Oct 2022;110;99 ;2022-2023
Milwaukee Bucks;Brooklyn Nets;GGBET;-143;+114;26 Oct 2022;110;99 ;2022-2023
Milwaukee Bucks;Brooklyn Nets;Lasbet;-143;+125;26 Oct 2022;110;99 ;2022-2023
Milwaukee Bucks;Brooklyn Nets;Marathonbet;-141;+139;26 Oct 2022;110;99 ;2022-2023
Milwaukee Bucks;Brooklyn Nets;N1 Bet;-149;+125;26 Oct 2022;110;99 ;2022-2023
Milwaukee Bucks;Brooklyn Nets;Pinnacle;-143;+127;26 Oct 2022;110;99 ;2022-2023
Milwaukee Bucks;Brooklyn Nets;Unibet;-156;+131;26 Oct 2022;110;99 ;2022-2023
Milwaukee Bucks;Brooklyn Nets;VOBET;-156;+125;26 Oct 2022;110;99 ;2022-2023
Milwaukee Bucks;Brooklyn Nets;William Hill;-149;+129;26 Oct 2022;110;99 ;2022-2023
New York Knicks;Charlotte Hornets;10x10bet;-323;+245;26 Oct 2022;134;131;2022-2023
New York Knicks;Charlotte Hornets;1xBet;-278;+256;26 Oct 2022;134;131;2022-2023
New York Knicks;Charlotte Hornets;bet-at-home;-333;+240;26 Oct 2022;134;131;2022-2023
New York Knicks;Charlotte Hornets;bet365;-312;+245;26 Oct 2022;134;131;2022-2023
New York Knicks;Charlotte Hornets;bwin;-303;+240;26 Oct 2022;134;131;2022-2023
New York Knicks;Charlotte Hornets;Coolbet;-303;+250;26 Oct 2022;134;131;2022-2023
New York Knicks;Charlotte Hornets;Curebet;-312;+252;26 Oct 2022;134;131;2022-2023
New York Knicks;Charlotte Hornets;GGBET;-286;+225;26 Oct 2022;134;131;2022-2023
New York Knicks;Charlotte Hornets;Lasbet;-303;+260;26 Oct 2022;134;131;2022-2023
New York Knicks;Charlotte Hornets;Marathonbet;-294;+244;26 Oct 2022;134;131;2022-2023
New York Knicks;Charlotte Hornets;N1 Bet;-312;+254;26 Oct 2022;134;131;2022-2023
New York Knicks;Charlotte Hornets;Pinnacle;-303;+260;26 Oct 2022;134;131;2022-2023
New York Knicks;Charlotte Hornets;Unibet;-286;+235;26 Oct 2022;134;131;2022-2023
New York Knicks;Charlotte Hornets;VOBET;-323;+245;26 Oct 2022;134;131;2022-2023
New York Knicks;Charlotte Hornets;William Hill;-323;+250;26 Oct 2022;134;131;2022-2023
Toronto Raptors;Philadelphia 76ers;10x10bet;-108;-115;26 Oct 2022;119;109;2022-2023
Toronto Raptors;Philadelphia 76ers;1xBet;+106;-112;26 Oct 2022;119;109;2022-2023
Toronto Raptors;Philadelphia 76ers;bet-at-home;-111;-115;26 Oct 2022;119;109;2022-2023
Toronto Raptors;Philadelphia 76ers;bet365;-116;-105;26 Oct 2022;119;109;2022-2023
Toronto Raptors;Philadelphia 76ers;bwin;-110;-110;26 Oct 2022;119;109;2022-2023
Toronto Raptors;Philadelphia 76ers;Coolbet;-106;-111;26 Oct 2022;119;109;2022-2023
Toronto Raptors;Philadelphia 76ers;Curebet;-105;-112;26 Oct 2022;119;109;2022-2023
Toronto Raptors;Philadelphia 76ers;GGBET;-111;-111;26 Oct 2022;119;109;2022-2023
Toronto Raptors;Philadelphia 76ers;Lasbet;-103;-110;26 Oct 2022;119;109;2022-2023
Toronto Raptors;Philadelphia 76ers;Marathonbet;-104;-111;26 Oct 2022;119;109;2022-2023
Toronto Raptors;Philadelphia 76ers;N1 Bet;-106;-110;26 Oct 2022;119;109;2022-2023
Toronto Raptors;Philadelphia 76ers;Pinnacle;-106;-104;26 Oct 2022;119;109;2022-2023
Toronto Raptors;Philadelphia 76ers;Unibet;-103;-115;26 Oct 2022;119;109;2022-2023
Toronto Raptors;Philadelphia 76ers;VOBET;-105;-118;26 Oct 2022;119;109;2022-2023
Toronto Raptors;Philadelphia 76ers;William Hill;-115;-105;26 Oct 2022;119;109;2022-2023
Cleveland Cavaliers;Orlando Magic;10x10bet;-400;+300;26 Oct 2022;103;92 ;2022-2023
Cleveland Cavaliers;Orlando Magic;1xBet;-357;+324;26 Oct 2022;103;92 ;2022-2023
Cleveland Cavaliers;Orlando Magic;bet-at-home;-400;+280;26 Oct 2022;103;92 ;2022-2023
Cleveland Cavaliers;Orlando Magic;bet365;-400;+309;26 Oct 2022;103;92 ;2022-2023
Cleveland Cavaliers;Orlando Magic;bwin;-385;+300;26 Oct 2022;103;92 ;2022-2023
Cleveland Cavaliers;Orlando Magic;Coolbet;-435;+325;26 Oct 2022;103;92 ;2022-2023
Cleveland Cavaliers;Orlando Magic;Curebet;-385;+300;26 Oct 2022;103;92 ;2022-2023
Cleveland Cavaliers;Orlando Magic;GGBET;-400;+305;26 Oct 2022;103;92 ;2022-2023
Cleveland Cavaliers;Orlando Magic;Lasbet;-370;+312;26 Oct 2022;103;92 ;2022-2023
Cleveland Cavaliers;Orlando Magic;Marathonbet;-357;+292;26 Oct 2022;103;92 ;2022-2023
Cleveland Cavaliers;Orlando Magic;N1 Bet;-370;+297;26 Oct 2022;103;92 ;2022-2023
Cleveland Cavaliers;Orlando Magic;Pinnacle;-370;+308;26 Oct 2022;103;92 ;2022-2023
Cleveland Cavaliers;Orlando Magic;Unibet;-400;+309;26 Oct 2022;103;92 ;2022-2023
Cleveland Cavaliers;Orlando Magic;VOBET;-400;+300;26 Oct 2022;103;92 ;2022-2023
Cleveland Cavaliers;Orlando Magic;William Hill;-417;+320;26 Oct 2022;103;92 ;2022-2023
Detroit Pistons;Atlanta Hawks;10x10bet;+225;-294;26 Oct 2022;113;118;2022-2023
Detroit Pistons;Atlanta Hawks;1xBet;+252;-270;26 Oct 2022;113;118;2022-2023
Detroit Pistons;Atlanta Hawks;bet-at-home;+245;-333;26 Oct 2022;113;118;2022-2023
Detroit Pistons;Atlanta Hawks;bet365;+240;-303;26 Oct 2022;113;118;2022-2023
Detroit Pistons;Atlanta Hawks;bwin;+260;-333;26 Oct 2022;113;118;2022-2023
Detroit Pistons;Atlanta Hawks;Coolbet;+265;-333;26 Oct 2022;113;118;2022-2023
Detroit Pistons;Atlanta Hawks;Curebet;+231;-286;26 Oct 2022;113;118;2022-2023
Detroit Pistons;Atlanta Hawks;GGBET;+245;-312;26 Oct 2022;113;118;2022-2023
Detroit Pistons;Atlanta Hawks;Lasbet;+239;-278;26 Oct 2022;113;118;2022-2023
Detroit Pistons;Atlanta Hawks;Marathonbet;+265;-323;26 Oct 2022;113;118;2022-2023
Detroit Pistons;Atlanta Hawks;N1 Bet;+256;-312;26 Oct 2022;113;118;2022-2023
Detroit Pistons;Atlanta Hawks;Pinnacle;+254;-294;26 Oct 2022;113;118;2022-2023
Detroit Pistons;Atlanta Hawks;Unibet;+235;-294;26 Oct 2022;113;118;2022-2023
Detroit Pistons;Atlanta Hawks;VOBET;+225;-294;26 Oct 2022;113;118;2022-2023
Detroit Pistons;Atlanta Hawks;William Hill;+250;-323;26 Oct 2022;113;118;2022-2023
Phoenix Suns;Golden State Warriors;10x10bet;-128;+104;25 Oct 2022;134;105;2022-2023
Phoenix Suns;Golden State Warriors;1xBet;-118;+110;25 Oct 2022;134;105;2022-2023
Phoenix Suns;Golden State Warriors;bet-at-home;-128;+100;25 Oct 2022;134;105;2022-2023
Phoenix Suns;Golden State Warriors;bet365;-125;+104;25 Oct 2022;134;105;2022-2023
Phoenix Suns;Golden State Warriors;bwin;-125;+104;25 Oct 2022;134;105;2022-2023
Phoenix Suns;Golden State Warriors;Coolbet;-132;+110;25 Oct 2022;134;105;2022-2023
Phoenix Suns;Golden State Warriors;Curebet;-125;+104;25 Oct 2022;134;105;2022-2023
Phoenix Suns;Golden State Warriors;GGBET;-125;+100;25 Oct 2022;134;105;2022-2023
Phoenix Suns;Golden State Warriors;Lasbet;-122;+108;25 Oct 2022;134;105;2022-2023
Phoenix Suns;Golden State Warriors;Marathonbet;-114;+112;25 Oct 2022;134;105;2022-2023
Phoenix Suns;Golden State Warriors;N1 Bet;-123;+104;25 Oct 2022;134;105;2022-2023
Phoenix Suns;Golden State Warriors;Pinnacle;-123;+110;25 Oct 2022;134;105;2022-2023
Phoenix Suns;Golden State Warriors;Unibet;-122;+104;25 Oct 2022;134;105;2022-2023
Phoenix Suns;Golden State Warriors;VOBET;-128;+104;25 Oct 2022;134;105;2022-2023
Phoenix Suns;Golden State Warriors;William Hill;-125;+104;25 Oct 2022;134;105;2022-2023
Oklahoma City Thunder;Los Angeles Clippers;10x10bet;+175;-222;25 Oct 2022;108;94 ;2022-2023
Oklahoma City Thunder;Los Angeles Clippers;1xBet;+193;-204;25 Oct 2022;108;94 ;2022-2023
Oklahoma City Thunder;Los Angeles Clippers;bet-at-home;+170;-227;25 Oct 2022;108;94 ;2022-2023
Oklahoma City Thunder;Los Angeles Clippers;bet365;+185;-227;25 Oct 2022;108;94 ;2022-2023
Oklahoma City Thunder;Los Angeles Clippers;bwin;+179;-222;25 Oct 2022;108;94 ;2022-2023
Oklahoma City Thunder;Los Angeles Clippers;Coolbet;+185;-222;25 Oct 2022;108;94 ;2022-2023
Oklahoma City Thunder;Los Angeles Clippers;Curebet;+170;-208;25 Oct 2022;108;94 ;2022-2023
Oklahoma City Thunder;Los Angeles Clippers;GGBET;+175;-222;25 Oct 2022;108;94 ;2022-2023
Oklahoma City Thunder;Los Angeles Clippers;Lasbet;+177;-204;25 Oct 2022;108;94 ;2022-2023
Oklahoma City Thunder;Los Angeles Clippers;Marathonbet;+191;-227;25 Oct 2022;108;94 ;2022-2023
Oklahoma City Thunder;Los Angeles Clippers;N1 Bet;+172;-204;25 Oct 2022;108;94 ;2022-2023
Oklahoma City Thunder;Los Angeles Clippers;Pinnacle;+183;-204;25 Oct 2022;108;94 ;2022-2023
Oklahoma City Thunder;Los Angeles Clippers;Unibet;+179;-222;25 Oct 2022;108;94 ;2022-2023
Oklahoma City Thunder;Los Angeles Clippers;VOBET;+175;-222;25 Oct 2022;108;94 ;2022-2023
Oklahoma City Thunder;Los Angeles Clippers;William Hill;+190;-233;25 Oct 2022;108;94 ;2022-2023
New Orleans Pelicans;Dallas Mavericks;10x10bet;+170;-213;25 Oct 2022;113;111;2022-2023
New Orleans Pelicans;Dallas Mavericks;1xBet;+181;-196;25 Oct 2022;113;111;2022-2023
New Orleans Pelicans;Dallas Mavericks;bet-at-home;+170;-222;25 Oct 2022;113;111;2022-2023
New Orleans Pelicans;Dallas Mavericks;bet365;+175;-213;25 Oct 2022;113;111;2022-2023
New Orleans Pelicans;Dallas Mavericks;bwin;+190;-238;25 Oct 2022;113;111;2022-2023
New Orleans Pelicans;Dallas Mavericks;Coolbet;+181;-217;25 Oct 2022;113;111;2022-2023
New Orleans Pelicans;Dallas Mavericks;Curebet;+170;-208;25 Oct 2022;113;111;2022-2023
New Orleans Pelicans;Dallas Mavericks;GGBET;+175;-213;25 Oct 2022;113;111;2022-2023
New Orleans Pelicans;Dallas Mavericks;Lasbet;+177;-204;25 Oct 2022;113;111;2022-2023
New Orleans Pelicans;Dallas Mavericks;Marathonbet;+174;-204;25 Oct 2022;113;111;2022-2023
New Orleans Pelicans;Dallas Mavericks;N1 Bet;+175;-208;25 Oct 2022;113;111;2022-2023
New Orleans Pelicans;Dallas Mavericks;Pinnacle;+181;-204;25 Oct 2022;113;111;2022-2023
New Orleans Pelicans;Dallas Mavericks;Unibet;+175;-213;25 Oct 2022;113;111;2022-2023
New Orleans Pelicans;Dallas Mavericks;VOBET;+170;-213;25 Oct 2022;113;111;2022-2023
New Orleans Pelicans;Dallas Mavericks;William Hill;+175;-208;25 Oct 2022;113;111;2022-2023
Washington Wizards;Detroit Pistons;10x10bet;-233;+183;25 Oct 2022;120;99 ;2022-2023
Washington Wizards;Detroit Pistons;1xBet;-200;+188;25 Oct 2022;120;99 ;2022-2023
Washington Wizards;Detroit Pistons;bet-at-home;-227;+175;25 Oct 2022;120;99 ;2022-2023
Washington Wizards;Detroit Pistons;bet365;-227;+185;25 Oct 2022;120;99 ;2022-2023
Washington Wizards;Detroit Pistons;bwin;-222;+179;25 Oct 2022;120;99 ;2022-2023
Washington Wizards;Detroit Pistons;Coolbet;-238;+195;25 Oct 2022;120;99 ;2022-2023
Washington Wizards;Detroit Pistons;Curebet;-227;+188;25 Oct 2022;120;99 ;2022-2023
Washington Wizards;Detroit Pistons;GGBET;-222;+179;25 Oct 2022;120;99 ;2022-2023
Washington Wizards;Detroit Pistons;Lasbet;-217;+189;25 Oct 2022;120;99 ;2022-2023
Washington Wizards;Detroit Pistons;Marathonbet;-213;+181;25 Oct 2022;120;99 ;2022-2023
Washington Wizards;Detroit Pistons;N1 Bet;-217;+181;25 Oct 2022;120;99 ;2022-2023
Washington Wizards;Detroit Pistons;Pinnacle;-213;+188;25 Oct 2022;120;99 ;2022-2023
Washington Wizards;Detroit Pistons;Unibet;-208;+175;25 Oct 2022;120;99 ;2022-2023
Washington Wizards;Detroit Pistons;VOBET;-233;+183;25 Oct 2022;120;99 ;2022-2023
Washington Wizards;Detroit Pistons;William Hill;-222;+179;25 Oct 2022;120;99 ;2022-2023
Portland Trail Blazers;Denver Nuggets;10x10bet;+165;-208;24 Oct 2022;135;110;2022-2023
Portland Trail Blazers;Denver Nuggets;1xBet;+175;-189;24 Oct 2022;135;110;2022-2023
Portland Trail Blazers;Denver Nuggets;bet-at-home;+160;-213;24 Oct 2022;135;110;2022-2023
Portland Trail Blazers;Denver Nuggets;bet365;+170;-200;24 Oct 2022;135;110;2022-2023
Portland Trail Blazers;Denver Nuggets;bwin;+165;-200;24 Oct 2022;135;110;2022-2023
Portland Trail Blazers;Denver Nuggets;Coolbet;+170;-200;24 Oct 2022;135;110;2022-2023
Portland Trail Blazers;Denver Nuggets;Curebet;+168;-204;24 Oct 2022;135;110;2022-2023
Portland Trail Blazers;Denver Nuggets;GGBET;+160;-200;24 Oct 2022;135;110;2022-2023
Portland Trail Blazers;Denver Nuggets;Lasbet;+171;-196;24 Oct 2022;135;110;2022-2023
Portland Trail Blazers;Denver Nuggets;Marathonbet;+170;-200;24 Oct 2022;135;110;2022-2023
Portland Trail Blazers;Denver Nuggets;N1 Bet;+169;-200;24 Oct 2022;135;110;2022-2023
Portland Trail Blazers;Denver Nuggets;Pinnacle;+174;-192;24 Oct 2022;135;110;2022-2023
Portland Trail Blazers;Denver Nuggets;Unibet;+170;-200;24 Oct 2022;135;110;2022-2023
Portland Trail Blazers;Denver Nuggets;VOBET;+165;-208;24 Oct 2022;135;110;2022-2023
Portland Trail Blazers;Denver Nuggets;William Hill;+170;-200;24 Oct 2022;135;110;2022-2023
Chicago Bulls;Boston Celtics;10x10bet;+175;-222;24 Oct 2022;120;102;2022-2023
Chicago Bulls;Boston Celtics;1xBet;+191;-204;24 Oct 2022;120;102;2022-2023
Chicago Bulls;Boston Celtics;bet-at-home;+165;-217;24 Oct 2022;120;102;2022-2023
Chicago Bulls;Boston Celtics;bet365;+185;-227;24 Oct 2022;120;102;2022-2023
Chicago Bulls;Boston Celtics;bwin;+195;-238;24 Oct 2022;120;102;2022-2023
Chicago Bulls;Boston Celtics;Coolbet;+181;-217;24 Oct 2022;120;102;2022-2023
Chicago Bulls;Boston Celtics;Curebet;+179;-217;24 Oct 2022;120;102;2022-2023
Chicago Bulls;Boston Celtics;GGBET;+175;-222;24 Oct 2022;120;102;2022-2023
Chicago Bulls;Boston Celtics;Lasbet;+185;-213;24 Oct 2022;120;102;2022-2023
Chicago Bulls;Boston Celtics;Marathonbet;+188;-189;24 Oct 2022;120;102;2022-2023
Chicago Bulls;Boston Celtics;N1 Bet;+172;-204;24 Oct 2022;120;102;2022-2023
Chicago Bulls;Boston Celtics;Pinnacle;+175;-196;24 Oct 2022;120;102;2022-2023
Chicago Bulls;Boston Celtics;Unibet;+179;-217;24 Oct 2022;120;102;2022-2023
Chicago Bulls;Boston Celtics;VOBET;+175;-222;24 Oct 2022;120;102;2022-2023
Chicago Bulls;Boston Celtics;William Hill;+179;-222;24 Oct 2022;120;102;2022-2023
Houston Rockets;Utah Jazz;10x10bet;-108;-115;24 Oct 2022;114;108;2022-2023
Houston Rockets;Utah Jazz;1xBet;+125;-133;24 Oct 2022;114;108;2022-2023
Houston Rockets;Utah Jazz;bet-at-home;+114;-145;24 Oct 2022;114;108;2022-2023
Houston Rockets;Utah Jazz;bet365;+120;-141;24 Oct 2022;114;108;2022-2023
Houston Rockets;Utah Jazz;bwin;+114;-139;24 Oct 2022;114;108;2022-2023
Houston Rockets;Utah Jazz;Coolbet;+118;-139;24 Oct 2022;114;108;2022-2023
Houston Rockets;Utah Jazz;Curebet;+114;-137;24 Oct 2022;114;108;2022-2023
Houston Rockets;Utah Jazz;GGBET;+114;-143;24 Oct 2022;114;108;2022-2023
Houston Rockets;Utah Jazz;Lasbet;+118;-133;24 Oct 2022;114;108;2022-2023
Houston Rockets;Utah Jazz;Marathonbet;+120;-139;24 Oct 2022;114;108;2022-2023
Houston Rockets;Utah Jazz;N1 Bet;+117;-137;24 Oct 2022;114;108;2022-2023
Houston Rockets;Utah Jazz;Pinnacle;+121;-133;24 Oct 2022;114;108;2022-2023
Houston Rockets;Utah Jazz;Unibet;+112;-133;24 Oct 2022;114;108;2022-2023
Houston Rockets;Utah Jazz;VOBET;+112;-139;24 Oct 2022;114;108;2022-2023
Houston Rockets;Utah Jazz;William Hill;+114;-135;24 Oct 2022;114;108;2022-2023
Memphis Grizzlies;Brooklyn Nets;10x10bet;-116;-106;24 Oct 2022;134;124;2022-2023
Memphis Grizzlies;Brooklyn Nets;1xBet;-118;+110;24 Oct 2022;134;124;2022-2023
Memphis Grizzlies;Brooklyn Nets;bet-at-home;-119;-106;24 Oct 2022;134;124;2022-2023
Memphis Grizzlies;Brooklyn Nets;bet365;-125;+104;24 Oct 2022;134;124;2022-2023
Memphis Grizzlies;Brooklyn Nets;bwin;-115;-105;24 Oct 2022;134;124;2022-2023
Memphis Grizzlies;Brooklyn Nets;Coolbet;-115;-103;24 Oct 2022;134;124;2022-2023
Memphis Grizzlies;Brooklyn Nets;Curebet;-118;-101;24 Oct 2022;134;124;2022-2023
Memphis Grizzlies;Brooklyn Nets;GGBET;-111;-105;24 Oct 2022;134;124;2022-2023
Memphis Grizzlies;Brooklyn Nets;Lasbet;-111;-102;24 Oct 2022;134;124;2022-2023
Memphis Grizzlies;Brooklyn Nets;Marathonbet;-109;+106;24 Oct 2022;134;124;2022-2023
Memphis Grizzlies;Brooklyn Nets;N1 Bet;-115;-103;24 Oct 2022;134;124;2022-2023
Memphis Grizzlies;Brooklyn Nets;Pinnacle;-111;+100;24 Oct 2022;134;124;2022-2023
Memphis Grizzlies;Brooklyn Nets;Unibet;-115;-103;24 Oct 2022;134;124;2022-2023
Memphis Grizzlies;Brooklyn Nets;VOBET;-120;-103;24 Oct 2022;134;124;2022-2023
Memphis Grizzlies;Brooklyn Nets;William Hill;-120;+100;24 Oct 2022;134;124;2022-2023
