index;TeamsRaw;Bookmaker;OddHome;OddAway;DateRaw;ScoreRaw;TO_KEEP;Home_id;Away_id;Date;Score_home;Score_away;Season
0;Miami Heat - Dallas Mavericks;bet-at-home;-250;+185;Monday, 13 Jun 2011, 00:00;Final result 95:105 (27:32, 24:21, 21:28, 23:24);1;Miami Heat;Dallas Mavericks;13 Jun 2011; 95;105;2010-2011
1;Miami Heat - Dallas Mavericks;bet365;-244;+200;Monday, 13 Jun 2011, 00:00;Final result 95:105 (27:32, 24:21, 21:28, 23:24);1;Miami Heat;Dallas Mavericks;13 Jun 2011; 95;105;2010-2011
2;Miami Heat - Dallas Mavericks;Pinnacle;-233;+206;Monday, 13 Jun 2011, 00:00;Final result 95:105 (27:32, 24:21, 21:28, 23:24);1;Miami Heat;Dallas Mavericks;13 Jun 2011; 95;105;2010-2011
3;Miami Heat - Dallas Mavericks;Unibet;-233;+188;Monday, 13 Jun 2011, 00:00;Final result 95:105 (27:32, 24:21, 21:28, 23:24);1;Miami Heat;Dallas Mavericks;13 Jun 2011; 95;105;2010-2011
4;Miami Heat - Dallas Mavericks;William Hill;-233;+190;Monday, 13 Jun 2011, 00:00;Final result 95:105 (27:32, 24:21, 21:28, 23:24);1;Miami Heat;Dallas Mavericks;13 Jun 2011; 95;105;2010-2011
29;Dallas Mavericks - Miami Heat;bet-at-home;-118;-118;Friday, 10 Jun 2011, 01:00;Final result 112:103 (30:31, 30:26, 24:22, 28:24);1;Dallas Mavericks;Miami Heat;10 Jun 2011;112;103;2010-2011
30;Dallas Mavericks - Miami Heat;bet365;-111;-111;Friday, 10 Jun 2011, 01:00;Final result 112:103 (30:31, 30:26, 24:22, 28:24);1;Dallas Mavericks;Miami Heat;10 Jun 2011;112;103;2010-2011
31;Dallas Mavericks - Miami Heat;bwin;-110;-110;Friday, 10 Jun 2011, 01:00;Final result 112:103 (30:31, 30:26, 24:22, 28:24);1;Dallas Mavericks;Miami Heat;10 Jun 2011;112;103;2010-2011
32;Dallas Mavericks - Miami Heat;Pinnacle;-109;-101;Friday, 10 Jun 2011, 01:00;Final result 112:103 (30:31, 30:26, 24:22, 28:24);1;Dallas Mavericks;Miami Heat;10 Jun 2011;112;103;2010-2011
33;Dallas Mavericks - Miami Heat;Unibet;-122;+100;Friday, 10 Jun 2011, 01:00;Final result 112:103 (30:31, 30:26, 24:22, 28:24);1;Dallas Mavericks;Miami Heat;10 Jun 2011;112;103;2010-2011
34;Dallas Mavericks - Miami Heat;William Hill;-110;-110;Friday, 10 Jun 2011, 01:00;Final result 112:103 (30:31, 30:26, 24:22, 28:24);1;Dallas Mavericks;Miami Heat;10 Jun 2011;112;103;2010-2011
58;Dallas Mavericks - Miami Heat;bet-at-home;-143;+110;Wednesday, 08 Jun 2011, 01:00;Final result 86:83 (21:21, 24:26, 20:22, 21:14);1;Dallas Mavericks;Miami Heat;08 Jun 2011; 86;83 ;2010-2011
59;Dallas Mavericks - Miami Heat;bet365;-147;+125;Wednesday, 08 Jun 2011, 01:00;Final result 86:83 (21:21, 24:26, 20:22, 21:14);1;Dallas Mavericks;Miami Heat;08 Jun 2011; 86;83 ;2010-2011
60;Dallas Mavericks - Miami Heat;bwin;-143;+120;Wednesday, 08 Jun 2011, 01:00;Final result 86:83 (21:21, 24:26, 20:22, 21:14);1;Dallas Mavericks;Miami Heat;08 Jun 2011; 86;83 ;2010-2011
61;Dallas Mavericks - Miami Heat;Pinnacle;-139;+125;Wednesday, 08 Jun 2011, 01:00;Final result 86:83 (21:21, 24:26, 20:22, 21:14);1;Dallas Mavericks;Miami Heat;08 Jun 2011; 86;83 ;2010-2011
62;Dallas Mavericks - Miami Heat;Unibet;-147;+122;Wednesday, 08 Jun 2011, 01:00;Final result 86:83 (21:21, 24:26, 20:22, 21:14);1;Dallas Mavericks;Miami Heat;08 Jun 2011; 86;83 ;2010-2011
63;Dallas Mavericks - Miami Heat;William Hill;-141;+120;Wednesday, 08 Jun 2011, 01:00;Final result 86:83 (21:21, 24:26, 20:22, 21:14);1;Dallas Mavericks;Miami Heat;08 Jun 2011; 86;83 ;2010-2011
87;Dallas Mavericks - Miami Heat;bet-at-home;-143;+110;Monday, 06 Jun 2011, 00:00;Final result 86:88 (22:29, 20:18, 22:20, 22:21);1;Dallas Mavericks;Miami Heat;06 Jun 2011; 86;88 ;2010-2011
88;Dallas Mavericks - Miami Heat;bet365;-132;+110;Monday, 06 Jun 2011, 00:00;Final result 86:88 (22:29, 20:18, 22:20, 22:21);1;Dallas Mavericks;Miami Heat;06 Jun 2011; 86;88 ;2010-2011
89;Dallas Mavericks - Miami Heat;bwin;-133;+110;Monday, 06 Jun 2011, 00:00;Final result 86:88 (22:29, 20:18, 22:20, 22:21);1;Dallas Mavericks;Miami Heat;06 Jun 2011; 86;88 ;2010-2011
90;Dallas Mavericks - Miami Heat;Pinnacle;-132;+119;Monday, 06 Jun 2011, 00:00;Final result 86:88 (22:29, 20:18, 22:20, 22:21);1;Dallas Mavericks;Miami Heat;06 Jun 2011; 86;88 ;2010-2011
91;Dallas Mavericks - Miami Heat;Unibet;-141;+116;Monday, 06 Jun 2011, 00:00;Final result 86:88 (22:29, 20:18, 22:20, 22:21);1;Dallas Mavericks;Miami Heat;06 Jun 2011; 86;88 ;2010-2011
92;Dallas Mavericks - Miami Heat;William Hill;-130;+110;Monday, 06 Jun 2011, 00:00;Final result 86:88 (22:29, 20:18, 22:20, 22:21);1;Dallas Mavericks;Miami Heat;06 Jun 2011; 86;88 ;2010-2011
116;Miami Heat - Dallas Mavericks;bet-at-home;-222;+170;Friday, 03 Jun 2011, 01:00;Final result 93:95 (28:28, 23:23, 24:20, 18:24);1;Miami Heat;Dallas Mavericks;03 Jun 2011; 93;95 ;2010-2011
117;Miami Heat - Dallas Mavericks;bet365;-200;+170;Friday, 03 Jun 2011, 01:00;Final result 93:95 (28:28, 23:23, 24:20, 18:24);1;Miami Heat;Dallas Mavericks;03 Jun 2011; 93;95 ;2010-2011
118;Miami Heat - Dallas Mavericks;bwin;-222;+179;Friday, 03 Jun 2011, 01:00;Final result 93:95 (28:28, 23:23, 24:20, 18:24);1;Miami Heat;Dallas Mavericks;03 Jun 2011; 93;95 ;2010-2011
119;Miami Heat - Dallas Mavericks;Pinnacle;-189;+171;Friday, 03 Jun 2011, 01:00;Final result 93:95 (28:28, 23:23, 24:20, 18:24);1;Miami Heat;Dallas Mavericks;03 Jun 2011; 93;95 ;2010-2011
120;Miami Heat - Dallas Mavericks;Unibet;-208;+170;Friday, 03 Jun 2011, 01:00;Final result 93:95 (28:28, 23:23, 24:20, 18:24);1;Miami Heat;Dallas Mavericks;03 Jun 2011; 93;95 ;2010-2011
121;Miami Heat - Dallas Mavericks;William Hill;-222;+179;Friday, 03 Jun 2011, 01:00;Final result 93:95 (28:28, 23:23, 24:20, 18:24);1;Miami Heat;Dallas Mavericks;03 Jun 2011; 93;95 ;2010-2011
145;Miami Heat - Dallas Mavericks;bet-at-home;-222;+170;Wednesday, 01 Jun 2011, 01:00;Final result 92:84 (16:17, 27:27, 22:17, 27:23);1;Miami Heat;Dallas Mavericks;01 Jun 2011; 92;84 ;2010-2011
146;Miami Heat - Dallas Mavericks;bet365;-213;+175;Wednesday, 01 Jun 2011, 01:00;Final result 92:84 (16:17, 27:27, 22:17, 27:23);1;Miami Heat;Dallas Mavericks;01 Jun 2011; 92;84 ;2010-2011
147;Miami Heat - Dallas Mavericks;bwin;-208;+170;Wednesday, 01 Jun 2011, 01:00;Final result 92:84 (16:17, 27:27, 22:17, 27:23);1;Miami Heat;Dallas Mavericks;01 Jun 2011; 92;84 ;2010-2011
148;Miami Heat - Dallas Mavericks;Pinnacle;-204;+184;Wednesday, 01 Jun 2011, 01:00;Final result 92:84 (16:17, 27:27, 22:17, 27:23);1;Miami Heat;Dallas Mavericks;01 Jun 2011; 92;84 ;2010-2011
149;Miami Heat - Dallas Mavericks;Unibet;-208;+170;Wednesday, 01 Jun 2011, 01:00;Final result 92:84 (16:17, 27:27, 22:17, 27:23);1;Miami Heat;Dallas Mavericks;01 Jun 2011; 92;84 ;2010-2011
150;Miami Heat - Dallas Mavericks;William Hill;-200;+170;Wednesday, 01 Jun 2011, 01:00;Final result 92:84 (16:17, 27:27, 22:17, 27:23);1;Miami Heat;Dallas Mavericks;01 Jun 2011; 92;84 ;2010-2011
174;Chicago Bulls - Miami Heat;bet-at-home;-167;+129;Friday, 27 May 2011, 00:30;Final result 80:83 (25:21, 20:17, 17:19, 18:26);1;Chicago Bulls;Miami Heat;27 May 2011; 80;83 ;2010-2011
175;Chicago Bulls - Miami Heat;bet365;-167;+145;Friday, 27 May 2011, 00:30;Final result 80:83 (25:21, 20:17, 17:19, 18:26);1;Chicago Bulls;Miami Heat;27 May 2011; 80;83 ;2010-2011
176;Chicago Bulls - Miami Heat;bwin;-164;+135;Friday, 27 May 2011, 00:30;Final result 80:83 (25:21, 20:17, 17:19, 18:26);1;Chicago Bulls;Miami Heat;27 May 2011; 80;83 ;2010-2011
177;Chicago Bulls - Miami Heat;Pinnacle;-159;+144;Friday, 27 May 2011, 00:30;Final result 80:83 (25:21, 20:17, 17:19, 18:26);1;Chicago Bulls;Miami Heat;27 May 2011; 80;83 ;2010-2011
178;Chicago Bulls - Miami Heat;Unibet;-167;+137;Friday, 27 May 2011, 00:30;Final result 80:83 (25:21, 20:17, 17:19, 18:26);1;Chicago Bulls;Miami Heat;27 May 2011; 80;83 ;2010-2011
179;Chicago Bulls - Miami Heat;William Hill;-149;+129;Friday, 27 May 2011, 00:30;Final result 80:83 (25:21, 20:17, 17:19, 18:26);1;Chicago Bulls;Miami Heat;27 May 2011; 80;83 ;2010-2011
203;Memphis Grizzlies - San Antonio Spurs;bet-at-home;-111;-125;Tuesday, 26 Apr 2011, 00:00;Final result 104:86 (21:26, 27:24, 30:15, 26:21);1;Memphis Grizzlies;San Antonio Spurs;26 Apr 2011;104;86 ;2010-2011
204;Memphis Grizzlies - San Antonio Spurs;bet365;+100;-120;Tuesday, 26 Apr 2011, 00:00;Final result 104:86 (21:26, 27:24, 30:15, 26:21);1;Memphis Grizzlies;San Antonio Spurs;26 Apr 2011;104;86 ;2010-2011
205;Memphis Grizzlies - San Antonio Spurs;bwin;+110;-133;Tuesday, 26 Apr 2011, 00:00;Final result 104:86 (21:26, 27:24, 30:15, 26:21);1;Memphis Grizzlies;San Antonio Spurs;26 Apr 2011;104;86 ;2010-2011
206;Memphis Grizzlies - San Antonio Spurs;Pinnacle;-101;-109;Tuesday, 26 Apr 2011, 00:00;Final result 104:86 (21:26, 27:24, 30:15, 26:21);1;Memphis Grizzlies;San Antonio Spurs;26 Apr 2011;104;86 ;2010-2011
207;Memphis Grizzlies - San Antonio Spurs;Unibet;-106;-115;Tuesday, 26 Apr 2011, 00:00;Final result 104:86 (21:26, 27:24, 30:15, 26:21);1;Memphis Grizzlies;San Antonio Spurs;26 Apr 2011;104;86 ;2010-2011
208;Memphis Grizzlies - San Antonio Spurs;William Hill;+100;-120;Tuesday, 26 Apr 2011, 00:00;Final result 104:86 (21:26, 27:24, 30:15, 26:21);1;Memphis Grizzlies;San Antonio Spurs;26 Apr 2011;104;86 ;2010-2011
232;New Orleans Pelicans - Los Angeles Lakers;bet-at-home;+210;-286;Monday, 25 Apr 2011, 01:30;Final result 93:88 (22:25, 27:20, 20:22, 24:21);1;New Orleans Pelicans;Los Angeles Lakers;25 Apr 2011; 93;88 ;2010-2011
233;New Orleans Pelicans - Los Angeles Lakers;bet365;+225;-278;Monday, 25 Apr 2011, 01:30;Final result 93:88 (22:25, 27:20, 20:22, 24:21);1;New Orleans Pelicans;Los Angeles Lakers;25 Apr 2011; 93;88 ;2010-2011
234;New Orleans Pelicans - Los Angeles Lakers;bwin;+229;-286;Monday, 25 Apr 2011, 01:30;Final result 93:88 (22:25, 27:20, 20:22, 24:21);1;New Orleans Pelicans;Los Angeles Lakers;25 Apr 2011; 93;88 ;2010-2011
235;New Orleans Pelicans - Los Angeles Lakers;Pinnacle;+227;-256;Monday, 25 Apr 2011, 01:30;Final result 93:88 (22:25, 27:20, 20:22, 24:21);1;New Orleans Pelicans;Los Angeles Lakers;25 Apr 2011; 93;88 ;2010-2011
236;New Orleans Pelicans - Los Angeles Lakers;Unibet;+210;-263;Monday, 25 Apr 2011, 01:30;Final result 93:88 (22:25, 27:20, 20:22, 24:21);1;New Orleans Pelicans;Los Angeles Lakers;25 Apr 2011; 93;88 ;2010-2011
237;New Orleans Pelicans - Los Angeles Lakers;William Hill;+229;-270;Monday, 25 Apr 2011, 01:30;Final result 93:88 (22:25, 27:20, 20:22, 24:21);1;New Orleans Pelicans;Los Angeles Lakers;25 Apr 2011; 93;88 ;2010-2011
261;Atlanta Hawks - Orlando Magic;bet-at-home;-111;-125;Sunday, 24 Apr 2011, 23:00;Final result 88:85 (25:17, 21:20, 20:24, 22:24);1;Atlanta Hawks;Orlando Magic;24 Apr 2011; 88;85 ;2010-2011
262;Atlanta Hawks - Orlando Magic;bet365;+104;-125;Sunday, 24 Apr 2011, 23:00;Final result 88:85 (25:17, 21:20, 20:24, 22:24);1;Atlanta Hawks;Orlando Magic;24 Apr 2011; 88;85 ;2010-2011
263;Atlanta Hawks - Orlando Magic;bwin;-105;-115;Sunday, 24 Apr 2011, 23:00;Final result 88:85 (25:17, 21:20, 20:24, 22:24);1;Atlanta Hawks;Orlando Magic;24 Apr 2011; 88;85 ;2010-2011
264;Atlanta Hawks - Orlando Magic;Pinnacle;+104;-116;Sunday, 24 Apr 2011, 23:00;Final result 88:85 (25:17, 21:20, 20:24, 22:24);1;Atlanta Hawks;Orlando Magic;24 Apr 2011; 88;85 ;2010-2011
265;Atlanta Hawks - Orlando Magic;Unibet;-105;-114;Sunday, 24 Apr 2011, 23:00;Final result 88:85 (25:17, 21:20, 20:24, 22:24);1;Atlanta Hawks;Orlando Magic;24 Apr 2011; 88;85 ;2010-2011
266;Atlanta Hawks - Orlando Magic;William Hill;+100;-120;Sunday, 24 Apr 2011, 23:00;Final result 88:85 (25:17, 21:20, 20:24, 22:24);1;Atlanta Hawks;Orlando Magic;24 Apr 2011; 88;85 ;2010-2011
290;New York Knicks - Boston Celtics;bet-at-home;+129;-167;Sunday, 24 Apr 2011, 19:30;Final result 89:101 (23:29, 15:26, 34:27, 17:19);1;New York Knicks;Boston Celtics;24 Apr 2011; 89;101;2010-2011
291;New York Knicks - Boston Celtics;bet365;+145;-167;Sunday, 24 Apr 2011, 19:30;Final result 89:101 (23:29, 15:26, 34:27, 17:19);1;New York Knicks;Boston Celtics;24 Apr 2011; 89;101;2010-2011
292;New York Knicks - Boston Celtics;bwin;+154;-189;Sunday, 24 Apr 2011, 19:30;Final result 89:101 (23:29, 15:26, 34:27, 17:19);1;New York Knicks;Boston Celtics;24 Apr 2011; 89;101;2010-2011
293;New York Knicks - Boston Celtics;Pinnacle;+145;-159;Sunday, 24 Apr 2011, 19:30;Final result 89:101 (23:29, 15:26, 34:27, 17:19);1;New York Knicks;Boston Celtics;24 Apr 2011; 89;101;2010-2011
294;New York Knicks - Boston Celtics;Unibet;+145;-175;Sunday, 24 Apr 2011, 19:30;Final result 89:101 (23:29, 15:26, 34:27, 17:19);1;New York Knicks;Boston Celtics;24 Apr 2011; 89;101;2010-2011
295;New York Knicks - Boston Celtics;William Hill;+145;-164;Sunday, 24 Apr 2011, 19:30;Final result 89:101 (23:29, 15:26, 34:27, 17:19);1;New York Knicks;Boston Celtics;24 Apr 2011; 89;101;2010-2011
319;Philadelphia 76ers - Miami Heat;bet-at-home;+185;-250;Sunday, 24 Apr 2011, 17:00;Final result 86:82 (28:16, 18:31, 18:19, 22:16);1;Philadelphia 76ers;Miami Heat;24 Apr 2011; 86;82 ;2010-2011
320;Philadelphia 76ers - Miami Heat;bet365;+215;-270;Sunday, 24 Apr 2011, 17:00;Final result 86:82 (28:16, 18:31, 18:19, 22:16);1;Philadelphia 76ers;Miami Heat;24 Apr 2011; 86;82 ;2010-2011
321;Philadelphia 76ers - Miami Heat;bwin;+229;-286;Sunday, 24 Apr 2011, 17:00;Final result 86:82 (28:16, 18:31, 18:19, 22:16);1;Philadelphia 76ers;Miami Heat;24 Apr 2011; 86;82 ;2010-2011
322;Philadelphia 76ers - Miami Heat;Pinnacle;+214;-238;Sunday, 24 Apr 2011, 17:00;Final result 86:82 (28:16, 18:31, 18:19, 22:16);1;Philadelphia 76ers;Miami Heat;24 Apr 2011; 86;82 ;2010-2011
323;Philadelphia 76ers - Miami Heat;Unibet;+210;-263;Sunday, 24 Apr 2011, 17:00;Final result 86:82 (28:16, 18:31, 18:19, 22:16);1;Philadelphia 76ers;Miami Heat;24 Apr 2011; 86;82 ;2010-2011
324;Philadelphia 76ers - Miami Heat;William Hill;+220;-263;Sunday, 24 Apr 2011, 17:00;Final result 86:82 (28:16, 18:31, 18:19, 22:16);1;Philadelphia 76ers;Miami Heat;24 Apr 2011; 86;82 ;2010-2011
348;Denver Nuggets - Oklahoma City Thunder;bet-at-home;-250;+185;Sunday, 24 Apr 2011, 02:00;Final result 94:97 (31:26, 18:30, 24:15, 21:26);1;Denver Nuggets;Oklahoma City Thunder;24 Apr 2011; 94;97 ;2010-2011
349;Denver Nuggets - Oklahoma City Thunder;bet365;-222;+179;Sunday, 24 Apr 2011, 02:00;Final result 94:97 (31:26, 18:30, 24:15, 21:26);1;Denver Nuggets;Oklahoma City Thunder;24 Apr 2011; 94;97 ;2010-2011
350;Denver Nuggets - Oklahoma City Thunder;bwin;-200;+165;Sunday, 24 Apr 2011, 02:00;Final result 94:97 (31:26, 18:30, 24:15, 21:26);1;Denver Nuggets;Oklahoma City Thunder;24 Apr 2011; 94;97 ;2010-2011
351;Denver Nuggets - Oklahoma City Thunder;Pinnacle;-233;+204;Sunday, 24 Apr 2011, 02:00;Final result 94:97 (31:26, 18:30, 24:15, 21:26);1;Denver Nuggets;Oklahoma City Thunder;24 Apr 2011; 94;97 ;2010-2011
352;Denver Nuggets - Oklahoma City Thunder;Unibet;-222;+179;Sunday, 24 Apr 2011, 02:00;Final result 94:97 (31:26, 18:30, 24:15, 21:26);1;Denver Nuggets;Oklahoma City Thunder;24 Apr 2011; 94;97 ;2010-2011
353;Denver Nuggets - Oklahoma City Thunder;William Hill;-222;+179;Sunday, 24 Apr 2011, 02:00;Final result 94:97 (31:26, 18:30, 24:15, 21:26);1;Denver Nuggets;Oklahoma City Thunder;24 Apr 2011; 94;97 ;2010-2011
377;Memphis Grizzlies - San Antonio Spurs;bet-at-home;-125;-111;Saturday, 23 Apr 2011, 23:30;Final result 91:88 (29:20, 23:22, 19:24, 20:22);1;Memphis Grizzlies;San Antonio Spurs;23 Apr 2011; 91;88 ;2010-2011
378;Memphis Grizzlies - San Antonio Spurs;bet365;-125;+104;Saturday, 23 Apr 2011, 23:30;Final result 91:88 (29:20, 23:22, 19:24, 20:22);1;Memphis Grizzlies;San Antonio Spurs;23 Apr 2011; 91;88 ;2010-2011
379;Memphis Grizzlies - San Antonio Spurs;bwin;-120;+100;Saturday, 23 Apr 2011, 23:30;Final result 91:88 (29:20, 23:22, 19:24, 20:22);1;Memphis Grizzlies;San Antonio Spurs;23 Apr 2011; 91;88 ;2010-2011
380;Memphis Grizzlies - San Antonio Spurs;Pinnacle;-120;+108;Saturday, 23 Apr 2011, 23:30;Final result 91:88 (29:20, 23:22, 19:24, 20:22);1;Memphis Grizzlies;San Antonio Spurs;23 Apr 2011; 91;88 ;2010-2011
381;Memphis Grizzlies - San Antonio Spurs;Unibet;-130;+106;Saturday, 23 Apr 2011, 23:30;Final result 91:88 (29:20, 23:22, 19:24, 20:22);1;Memphis Grizzlies;San Antonio Spurs;23 Apr 2011; 91;88 ;2010-2011
382;Memphis Grizzlies - San Antonio Spurs;William Hill;-125;+104;Saturday, 23 Apr 2011, 23:30;Final result 91:88 (29:20, 23:22, 19:24, 20:22);1;Memphis Grizzlies;San Antonio Spurs;23 Apr 2011; 91;88 ;2010-2011
406;Portland Trail Blazers - Dallas Mavericks;bet-at-home;-182;+140;Saturday, 23 Apr 2011, 21:00;Final result 84:82 (11:16, 24:21, 14:30, 35:15);1;Portland Trail Blazers;Dallas Mavericks;23 Apr 2011; 84;82 ;2010-2011
407;Portland Trail Blazers - Dallas Mavericks;bet365;-185;+165;Saturday, 23 Apr 2011, 21:00;Final result 84:82 (11:16, 24:21, 14:30, 35:15);1;Portland Trail Blazers;Dallas Mavericks;23 Apr 2011; 84;82 ;2010-2011
408;Portland Trail Blazers - Dallas Mavericks;bwin;-182;+150;Saturday, 23 Apr 2011, 21:00;Final result 84:82 (11:16, 24:21, 14:30, 35:15);1;Portland Trail Blazers;Dallas Mavericks;23 Apr 2011; 84;82 ;2010-2011
409;Portland Trail Blazers - Dallas Mavericks;Pinnacle;-189;+171;Saturday, 23 Apr 2011, 21:00;Final result 84:82 (11:16, 24:21, 14:30, 35:15);1;Portland Trail Blazers;Dallas Mavericks;23 Apr 2011; 84;82 ;2010-2011
410;Portland Trail Blazers - Dallas Mavericks;Unibet;-204;+165;Saturday, 23 Apr 2011, 21:00;Final result 84:82 (11:16, 24:21, 14:30, 35:15);1;Portland Trail Blazers;Dallas Mavericks;23 Apr 2011; 84;82 ;2010-2011
411;Portland Trail Blazers - Dallas Mavericks;William Hill;-175;+154;Saturday, 23 Apr 2011, 21:00;Final result 84:82 (11:16, 24:21, 14:30, 35:15);1;Portland Trail Blazers;Dallas Mavericks;23 Apr 2011; 84;82 ;2010-2011
435;Indiana Pacers - Chicago Bulls;bet-at-home;+170;-222;Saturday, 23 Apr 2011, 18:30;Final result 89:84 (23:19, 26:14, 18:23, 22:28);1;Indiana Pacers;Chicago Bulls;23 Apr 2011; 89;84 ;2010-2011
436;Indiana Pacers - Chicago Bulls;bwin;+175;-213;Saturday, 23 Apr 2011, 18:30;Final result 89:84 (23:19, 26:14, 18:23, 22:28);1;Indiana Pacers;Chicago Bulls;23 Apr 2011; 89;84 ;2010-2011
437;Indiana Pacers - Chicago Bulls;Unibet;+163;-200;Saturday, 23 Apr 2011, 18:30;Final result 89:84 (23:19, 26:14, 18:23, 22:28);1;Indiana Pacers;Chicago Bulls;23 Apr 2011; 89;84 ;2010-2011
438;Indiana Pacers - Chicago Bulls;William Hill;+175;-208;Saturday, 23 Apr 2011, 18:30;Final result 89:84 (23:19, 26:14, 18:23, 22:28);1;Indiana Pacers;Chicago Bulls;23 Apr 2011; 89;84 ;2010-2011
464;Cleveland Cavaliers - Washington Wizards;bet-at-home;-250;+185;Thursday, 14 Apr 2011, 00:00;Final result 100:93 (23:35, 24:15, 24:24, 29:19);1;Cleveland Cavaliers;Washington Wizards;14 Apr 2011;100;93 ;2010-2011
465;Cleveland Cavaliers - Washington Wizards;bet365;-213;+175;Thursday, 14 Apr 2011, 00:00;Final result 100:93 (23:35, 24:15, 24:24, 29:19);1;Cleveland Cavaliers;Washington Wizards;14 Apr 2011;100;93 ;2010-2011
466;Cleveland Cavaliers - Washington Wizards;bwin;-222;+179;Thursday, 14 Apr 2011, 00:00;Final result 100:93 (23:35, 24:15, 24:24, 29:19);1;Cleveland Cavaliers;Washington Wizards;14 Apr 2011;100;93 ;2010-2011
467;Cleveland Cavaliers - Washington Wizards;Pinnacle;-200;+179;Thursday, 14 Apr 2011, 00:00;Final result 100:93 (23:35, 24:15, 24:24, 29:19);1;Cleveland Cavaliers;Washington Wizards;14 Apr 2011;100;93 ;2010-2011
468;Cleveland Cavaliers - Washington Wizards;Unibet;-233;+187;Thursday, 14 Apr 2011, 00:00;Final result 100:93 (23:35, 24:15, 24:24, 29:19);1;Cleveland Cavaliers;Washington Wizards;14 Apr 2011;100;93 ;2010-2011
469;Cleveland Cavaliers - Washington Wizards;William Hill;-233;+190;Thursday, 14 Apr 2011, 00:00;Final result 100:93 (23:35, 24:15, 24:24, 29:19);1;Cleveland Cavaliers;Washington Wizards;14 Apr 2011;100;93 ;2010-2011
493;Sacramento Kings - Oklahoma City Thunder;bet-at-home;+185;-250;Tuesday, 12 Apr 2011, 02:00;Final result 112:120 (20:24, 37:27, 26:36, 29:33);1;Sacramento Kings;Oklahoma City Thunder;12 Apr 2011;112;120;2010-2011
494;Sacramento Kings - Oklahoma City Thunder;bet365;+229;-286;Tuesday, 12 Apr 2011, 02:00;Final result 112:120 (20:24, 37:27, 26:36, 29:33);1;Sacramento Kings;Oklahoma City Thunder;12 Apr 2011;112;120;2010-2011
495;Sacramento Kings - Oklahoma City Thunder;bwin;+210;-263;Tuesday, 12 Apr 2011, 02:00;Final result 112:120 (20:24, 37:27, 26:36, 29:33);1;Sacramento Kings;Oklahoma City Thunder;12 Apr 2011;112;120;2010-2011
496;Sacramento Kings - Oklahoma City Thunder;Pinnacle;+229;-256;Tuesday, 12 Apr 2011, 02:00;Final result 112:120 (20:24, 37:27, 26:36, 29:33);1;Sacramento Kings;Oklahoma City Thunder;12 Apr 2011;112;120;2010-2011
497;Sacramento Kings - Oklahoma City Thunder;Unibet;+196;-244;Tuesday, 12 Apr 2011, 02:00;Final result 112:120 (20:24, 37:27, 26:36, 29:33);1;Sacramento Kings;Oklahoma City Thunder;12 Apr 2011;112;120;2010-2011
498;Sacramento Kings - Oklahoma City Thunder;William Hill;+190;-233;Tuesday, 12 Apr 2011, 02:00;Final result 112:120 (20:24, 37:27, 26:36, 29:33);1;Sacramento Kings;Oklahoma City Thunder;12 Apr 2011;112;120;2010-2011
522;Denver Nuggets - Golden State Warriors;bet-at-home;-1250;+700;Tuesday, 12 Apr 2011, 01:00;Final result 134:111 (31:32, 23:22, 44:37, 36:20);1;Denver Nuggets;Golden State Warriors;12 Apr 2011;134;111;2010-2011
523;Denver Nuggets - Golden State Warriors;bet365;-1250;+750;Tuesday, 12 Apr 2011, 01:00;Final result 134:111 (31:32, 23:22, 44:37, 36:20);1;Denver Nuggets;Golden State Warriors;12 Apr 2011;134;111;2010-2011
524;Denver Nuggets - Golden State Warriors;bwin;-1000;+625;Tuesday, 12 Apr 2011, 01:00;Final result 134:111 (31:32, 23:22, 44:37, 36:20);1;Denver Nuggets;Golden State Warriors;12 Apr 2011;134;111;2010-2011
525;Denver Nuggets - Golden State Warriors;Pinnacle;-1111;+841;Tuesday, 12 Apr 2011, 01:00;Final result 134:111 (31:32, 23:22, 44:37, 36:20);1;Denver Nuggets;Golden State Warriors;12 Apr 2011;134;111;2010-2011
526;Denver Nuggets - Golden State Warriors;Unibet;-1429;+800;Tuesday, 12 Apr 2011, 01:00;Final result 134:111 (31:32, 23:22, 44:37, 36:20);1;Denver Nuggets;Golden State Warriors;12 Apr 2011;134;111;2010-2011
527;Denver Nuggets - Golden State Warriors;William Hill;-1250;+700;Tuesday, 12 Apr 2011, 01:00;Final result 134:111 (31:32, 23:22, 44:37, 36:20);1;Denver Nuggets;Golden State Warriors;12 Apr 2011;134;111;2010-2011
551;Houston Rockets - Dallas Mavericks;bet-at-home;+120;-154;Tuesday, 12 Apr 2011, 00:30;Final result 91:98 OT (86:86) (23:20, 24:23, 24:24, 15:19, 5:12);1;Houston Rockets;Dallas Mavericks;12 Apr 2011; 91;98 ;2010-2011
552;Houston Rockets - Dallas Mavericks;bet365;+145;-167;Tuesday, 12 Apr 2011, 00:30;Final result 91:98 OT (86:86) (23:20, 24:23, 24:24, 15:19, 5:12);1;Houston Rockets;Dallas Mavericks;12 Apr 2011; 91;98 ;2010-2011
553;Houston Rockets - Dallas Mavericks;bwin;+140;-169;Tuesday, 12 Apr 2011, 00:30;Final result 91:98 OT (86:86) (23:20, 24:23, 24:24, 15:19, 5:12);1;Houston Rockets;Dallas Mavericks;12 Apr 2011; 91;98 ;2010-2011
554;Houston Rockets - Dallas Mavericks;Pinnacle;+141;-156;Tuesday, 12 Apr 2011, 00:30;Final result 91:98 OT (86:86) (23:20, 24:23, 24:24, 15:19, 5:12);1;Houston Rockets;Dallas Mavericks;12 Apr 2011; 91;98 ;2010-2011
555;Houston Rockets - Dallas Mavericks;Unibet;+131;-161;Tuesday, 12 Apr 2011, 00:30;Final result 91:98 OT (86:86) (23:20, 24:23, 24:24, 15:19, 5:12);1;Houston Rockets;Dallas Mavericks;12 Apr 2011; 91;98 ;2010-2011
556;Houston Rockets - Dallas Mavericks;William Hill;+129;-149;Tuesday, 12 Apr 2011, 00:30;Final result 91:98 OT (86:86) (23:20, 24:23, 24:24, 15:19, 5:12);1;Houston Rockets;Dallas Mavericks;12 Apr 2011; 91;98 ;2010-2011
580;Milwaukee Bucks - Toronto Raptors;bet-at-home;-556;+380;Tuesday, 12 Apr 2011, 00:00;Final result 93:86 (25:33, 21:18, 23:20, 24:15);1;Milwaukee Bucks;Toronto Raptors;12 Apr 2011; 93;86 ;2010-2011
581;Milwaukee Bucks - Toronto Raptors;bet365;-526;+400;Tuesday, 12 Apr 2011, 00:00;Final result 93:86 (25:33, 21:18, 23:20, 24:15);1;Milwaukee Bucks;Toronto Raptors;12 Apr 2011; 93;86 ;2010-2011
582;Milwaukee Bucks - Toronto Raptors;bwin;-526;+395;Tuesday, 12 Apr 2011, 00:00;Final result 93:86 (25:33, 21:18, 23:20, 24:15);1;Milwaukee Bucks;Toronto Raptors;12 Apr 2011; 93;86 ;2010-2011
583;Milwaukee Bucks - Toronto Raptors;Pinnacle;-556;+474;Tuesday, 12 Apr 2011, 00:00;Final result 93:86 (25:33, 21:18, 23:20, 24:15);1;Milwaukee Bucks;Toronto Raptors;12 Apr 2011; 93;86 ;2010-2011
584;Milwaukee Bucks - Toronto Raptors;Unibet;-556;+400;Tuesday, 12 Apr 2011, 00:00;Final result 93:86 (25:33, 21:18, 23:20, 24:15);1;Milwaukee Bucks;Toronto Raptors;12 Apr 2011; 93;86 ;2010-2011
585;Milwaukee Bucks - Toronto Raptors;William Hill;-500;+400;Tuesday, 12 Apr 2011, 00:00;Final result 93:86 (25:33, 21:18, 23:20, 24:15);1;Milwaukee Bucks;Toronto Raptors;12 Apr 2011; 93;86 ;2010-2011
609;New Orleans Pelicans - Utah Jazz;bet-at-home;-333;+240;Tuesday, 12 Apr 2011, 00:00;Final result 78:90 (21:29, 16:18, 20:23, 21:20);1;New Orleans Pelicans;Utah Jazz;12 Apr 2011; 78;90 ;2010-2011
610;New Orleans Pelicans - Utah Jazz;bet365;-323;+260;Tuesday, 12 Apr 2011, 00:00;Final result 78:90 (21:29, 16:18, 20:23, 21:20);1;New Orleans Pelicans;Utah Jazz;12 Apr 2011; 78;90 ;2010-2011
611;New Orleans Pelicans - Utah Jazz;bwin;-333;+260;Tuesday, 12 Apr 2011, 00:00;Final result 78:90 (21:29, 16:18, 20:23, 21:20);1;New Orleans Pelicans;Utah Jazz;12 Apr 2011; 78;90 ;2010-2011
612;New Orleans Pelicans - Utah Jazz;Pinnacle;-294;+260;Tuesday, 12 Apr 2011, 00:00;Final result 78:90 (21:29, 16:18, 20:23, 21:20);1;New Orleans Pelicans;Utah Jazz;12 Apr 2011; 78;90 ;2010-2011
613;New Orleans Pelicans - Utah Jazz;Unibet;-333;+260;Tuesday, 12 Apr 2011, 00:00;Final result 78:90 (21:29, 16:18, 20:23, 21:20);1;New Orleans Pelicans;Utah Jazz;12 Apr 2011; 78;90 ;2010-2011
614;New Orleans Pelicans - Utah Jazz;William Hill;-303;+250;Tuesday, 12 Apr 2011, 00:00;Final result 78:90 (21:29, 16:18, 20:23, 21:20);1;New Orleans Pelicans;Utah Jazz;12 Apr 2011; 78;90 ;2010-2011
638;Detroit Pistons - Cleveland Cavaliers;bet-at-home;-333;+240;Monday, 11 Apr 2011, 23:30;Final result 101:110 (33:23, 24:33, 18:30, 26:24);1;Detroit Pistons;Cleveland Cavaliers;11 Apr 2011;101;110;2010-2011
639;Detroit Pistons - Cleveland Cavaliers;bet365;-312;+250;Monday, 11 Apr 2011, 23:30;Final result 101:110 (33:23, 24:33, 18:30, 26:24);1;Detroit Pistons;Cleveland Cavaliers;11 Apr 2011;101;110;2010-2011
640;Detroit Pistons - Cleveland Cavaliers;bwin;-333;+260;Monday, 11 Apr 2011, 23:30;Final result 101:110 (33:23, 24:33, 18:30, 26:24);1;Detroit Pistons;Cleveland Cavaliers;11 Apr 2011;101;110;2010-2011
641;Detroit Pistons - Cleveland Cavaliers;Pinnacle;-286;+252;Monday, 11 Apr 2011, 23:30;Final result 101:110 (33:23, 24:33, 18:30, 26:24);1;Detroit Pistons;Cleveland Cavaliers;11 Apr 2011;101;110;2010-2011
642;Detroit Pistons - Cleveland Cavaliers;Unibet;-312;+246;Monday, 11 Apr 2011, 23:30;Final result 101:110 (33:23, 24:33, 18:30, 26:24);1;Detroit Pistons;Cleveland Cavaliers;11 Apr 2011;101;110;2010-2011
643;Detroit Pistons - Cleveland Cavaliers;William Hill;-303;+250;Monday, 11 Apr 2011, 23:30;Final result 101:110 (33:23, 24:33, 18:30, 26:24);1;Detroit Pistons;Cleveland Cavaliers;11 Apr 2011;101;110;2010-2011
667;Atlanta Hawks - Miami Heat;bet-at-home;+240;-333;Monday, 11 Apr 2011, 23:00;Final result 90:98 (23:28, 23:34, 21:17, 23:19);1;Atlanta Hawks;Miami Heat;11 Apr 2011; 90;98 ;2010-2011
668;Atlanta Hawks - Miami Heat;bet365;+229;-286;Monday, 11 Apr 2011, 23:00;Final result 90:98 (23:28, 23:34, 21:17, 23:19);1;Atlanta Hawks;Miami Heat;11 Apr 2011; 90;98 ;2010-2011
669;Atlanta Hawks - Miami Heat;bwin;+240;-303;Monday, 11 Apr 2011, 23:00;Final result 90:98 (23:28, 23:34, 21:17, 23:19);1;Atlanta Hawks;Miami Heat;11 Apr 2011; 90;98 ;2010-2011
670;Atlanta Hawks - Miami Heat;Pinnacle;+222;-250;Monday, 11 Apr 2011, 23:00;Final result 90:98 (23:28, 23:34, 21:17, 23:19);1;Atlanta Hawks;Miami Heat;11 Apr 2011; 90;98 ;2010-2011
671;Atlanta Hawks - Miami Heat;Unibet;+231;-294;Monday, 11 Apr 2011, 23:00;Final result 90:98 (23:28, 23:34, 21:17, 23:19);1;Atlanta Hawks;Miami Heat;11 Apr 2011; 90;98 ;2010-2011
672;Atlanta Hawks - Miami Heat;William Hill;+220;-263;Monday, 11 Apr 2011, 23:00;Final result 90:98 (23:28, 23:34, 21:17, 23:19);1;Atlanta Hawks;Miami Heat;11 Apr 2011; 90;98 ;2010-2011
696;Brooklyn Nets - Charlotte Hornets;bet-at-home;-143;+110;Monday, 11 Apr 2011, 23:00;Final result 103:105 (29:25, 24:24, 20:30, 30:26);1;Brooklyn Nets;Charlotte Hornets;11 Apr 2011;103;105;2010-2011
697;Brooklyn Nets - Charlotte Hornets;bet365;-132;+110;Monday, 11 Apr 2011, 23:00;Final result 103:105 (29:25, 24:24, 20:30, 30:26);1;Brooklyn Nets;Charlotte Hornets;11 Apr 2011;103;105;2010-2011
698;Brooklyn Nets - Charlotte Hornets;bwin;-133;+110;Monday, 11 Apr 2011, 23:00;Final result 103:105 (29:25, 24:24, 20:30, 30:26);1;Brooklyn Nets;Charlotte Hornets;11 Apr 2011;103;105;2010-2011
699;Brooklyn Nets - Charlotte Hornets;Pinnacle;-125;+112;Monday, 11 Apr 2011, 23:00;Final result 103:105 (29:25, 24:24, 20:30, 30:26);1;Brooklyn Nets;Charlotte Hornets;11 Apr 2011;103;105;2010-2011
700;Brooklyn Nets - Charlotte Hornets;Unibet;-132;+108;Monday, 11 Apr 2011, 23:00;Final result 103:105 (29:25, 24:24, 20:30, 30:26);1;Brooklyn Nets;Charlotte Hornets;11 Apr 2011;103;105;2010-2011
701;Brooklyn Nets - Charlotte Hornets;William Hill;-130;+110;Monday, 11 Apr 2011, 23:00;Final result 103:105 (29:25, 24:24, 20:30, 30:26);1;Brooklyn Nets;Charlotte Hornets;11 Apr 2011;103;105;2010-2011
725;Philadelphia 76ers - Orlando Magic;bet-at-home;-143;+110;Monday, 11 Apr 2011, 23:00;Final result 85:95 (25:34, 22:16, 15:26, 23:19);1;Philadelphia 76ers;Orlando Magic;11 Apr 2011; 85;95 ;2010-2011
726;Philadelphia 76ers - Orlando Magic;bet365;-132;+110;Monday, 11 Apr 2011, 23:00;Final result 85:95 (25:34, 22:16, 15:26, 23:19);1;Philadelphia 76ers;Orlando Magic;11 Apr 2011; 85;95 ;2010-2011
727;Philadelphia 76ers - Orlando Magic;bwin;-133;+110;Monday, 11 Apr 2011, 23:00;Final result 85:95 (25:34, 22:16, 15:26, 23:19);1;Philadelphia 76ers;Orlando Magic;11 Apr 2011; 85;95 ;2010-2011
728;Philadelphia 76ers - Orlando Magic;Pinnacle;-127;+114;Monday, 11 Apr 2011, 23:00;Final result 85:95 (25:34, 22:16, 15:26, 23:19);1;Philadelphia 76ers;Orlando Magic;11 Apr 2011; 85;95 ;2010-2011
729;Philadelphia 76ers - Orlando Magic;Unibet;-133;+110;Monday, 11 Apr 2011, 23:00;Final result 85:95 (25:34, 22:16, 15:26, 23:19);1;Philadelphia 76ers;Orlando Magic;11 Apr 2011; 85;95 ;2010-2011
730;Philadelphia 76ers - Orlando Magic;William Hill;-130;+110;Monday, 11 Apr 2011, 23:00;Final result 85:95 (25:34, 22:16, 15:26, 23:19);1;Philadelphia 76ers;Orlando Magic;11 Apr 2011; 85;95 ;2010-2011
754;Washington Wizards - Boston Celtics;bet-at-home;+210;-286;Monday, 11 Apr 2011, 23:00;Final result 95:94 OT (84:84) (19:23, 18:21, 23:16, 24:24, 11:10);1;Washington Wizards;Boston Celtics;11 Apr 2011; 95;94 ;2010-2011
755;Washington Wizards - Boston Celtics;bet365;+104;-125;Monday, 11 Apr 2011, 23:00;Final result 95:94 OT (84:84) (19:23, 18:21, 23:16, 24:24, 11:10);1;Washington Wizards;Boston Celtics;11 Apr 2011; 95;94 ;2010-2011
756;Washington Wizards - Boston Celtics;bwin;+104;-125;Monday, 11 Apr 2011, 23:00;Final result 95:94 OT (84:84) (19:23, 18:21, 23:16, 24:24, 11:10);1;Washington Wizards;Boston Celtics;11 Apr 2011; 95;94 ;2010-2011
757;Washington Wizards - Boston Celtics;Pinnacle;+269;-303;Monday, 11 Apr 2011, 23:00;Final result 95:94 OT (84:84) (19:23, 18:21, 23:16, 24:24, 11:10);1;Washington Wizards;Boston Celtics;11 Apr 2011; 95;94 ;2010-2011
758;Washington Wizards - Boston Celtics;Unibet;+260;-333;Monday, 11 Apr 2011, 23:00;Final result 95:94 OT (84:84) (19:23, 18:21, 23:16, 24:24, 11:10);1;Washington Wizards;Boston Celtics;11 Apr 2011; 95;94 ;2010-2011
759;Washington Wizards - Boston Celtics;William Hill;+100;-120;Monday, 11 Apr 2011, 23:00;Final result 95:94 OT (84:84) (19:23, 18:21, 23:16, 24:24, 11:10);1;Washington Wizards;Boston Celtics;11 Apr 2011; 95;94 ;2010-2011
783;Los Angeles Lakers - Oklahoma City Thunder;bet-at-home;-250;+185;Monday, 11 Apr 2011, 01:30;Final result 106:120 (31:36, 33:30, 26:22, 16:32);1;Los Angeles Lakers;Oklahoma City Thunder;11 Apr 2011;106;120;2010-2011
784;Los Angeles Lakers - Oklahoma City Thunder;bet365;-238;+195;Monday, 11 Apr 2011, 01:30;Final result 106:120 (31:36, 33:30, 26:22, 16:32);1;Los Angeles Lakers;Oklahoma City Thunder;11 Apr 2011;106;120;2010-2011
785;Los Angeles Lakers - Oklahoma City Thunder;bwin;-263;+210;Monday, 11 Apr 2011, 01:30;Final result 106:120 (31:36, 33:30, 26:22, 16:32);1;Los Angeles Lakers;Oklahoma City Thunder;11 Apr 2011;106;120;2010-2011
786;Los Angeles Lakers - Oklahoma City Thunder;Pinnacle;-208;+186;Monday, 11 Apr 2011, 01:30;Final result 106:120 (31:36, 33:30, 26:22, 16:32);1;Los Angeles Lakers;Oklahoma City Thunder;11 Apr 2011;106;120;2010-2011
787;Los Angeles Lakers - Oklahoma City Thunder;Unibet;-222;+179;Monday, 11 Apr 2011, 01:30;Final result 106:120 (31:36, 33:30, 26:22, 16:32);1;Los Angeles Lakers;Oklahoma City Thunder;11 Apr 2011;106;120;2010-2011
788;Los Angeles Lakers - Oklahoma City Thunder;William Hill;-222;+179;Monday, 11 Apr 2011, 01:30;Final result 106:120 (31:36, 33:30, 26:22, 16:32);1;Los Angeles Lakers;Oklahoma City Thunder;11 Apr 2011;106;120;2010-2011
812;Golden State Warriors - Sacramento Kings;bet-at-home;-250;+185;Monday, 11 Apr 2011, 01:00;Final result 103:104 (26:30, 33:30, 24:17, 20:27);1;Golden State Warriors;Sacramento Kings;11 Apr 2011;103;104;2010-2011
813;Golden State Warriors - Sacramento Kings;bet365;-263;+215;Monday, 11 Apr 2011, 01:00;Final result 103:104 (26:30, 33:30, 24:17, 20:27);1;Golden State Warriors;Sacramento Kings;11 Apr 2011;103;104;2010-2011
814;Golden State Warriors - Sacramento Kings;bwin;-250;+200;Monday, 11 Apr 2011, 01:00;Final result 103:104 (26:30, 33:30, 24:17, 20:27);1;Golden State Warriors;Sacramento Kings;11 Apr 2011;103;104;2010-2011
815;Golden State Warriors - Sacramento Kings;Pinnacle;-233;+210;Monday, 11 Apr 2011, 01:00;Final result 103:104 (26:30, 33:30, 24:17, 20:27);1;Golden State Warriors;Sacramento Kings;11 Apr 2011;103;104;2010-2011
816;Golden State Warriors - Sacramento Kings;Unibet;-263;+210;Monday, 11 Apr 2011, 01:00;Final result 103:104 (26:30, 33:30, 24:17, 20:27);1;Golden State Warriors;Sacramento Kings;11 Apr 2011;103;104;2010-2011
817;Golden State Warriors - Sacramento Kings;William Hill;-238;+200;Monday, 11 Apr 2011, 01:00;Final result 103:104 (26:30, 33:30, 24:17, 20:27);1;Golden State Warriors;Sacramento Kings;11 Apr 2011;103;104;2010-2011
841;Detroit Pistons - Brooklyn Nets;bet-at-home;-333;+240;Wednesday, 06 Apr 2011, 23:30;Final result 116:109 (32:28, 22:31, 35:29, 27:21);1;Detroit Pistons;Brooklyn Nets;06 Apr 2011;116;109;2010-2011
842;Detroit Pistons - Brooklyn Nets;bet365;-323;+254;Wednesday, 06 Apr 2011, 23:30;Final result 116:109 (32:28, 22:31, 35:29, 27:21);1;Detroit Pistons;Brooklyn Nets;06 Apr 2011;116;109;2010-2011
843;Detroit Pistons - Brooklyn Nets;bwin;-333;+260;Wednesday, 06 Apr 2011, 23:30;Final result 116:109 (32:28, 22:31, 35:29, 27:21);1;Detroit Pistons;Brooklyn Nets;06 Apr 2011;116;109;2010-2011
844;Detroit Pistons - Brooklyn Nets;Pinnacle;-303;+269;Wednesday, 06 Apr 2011, 23:30;Final result 116:109 (32:28, 22:31, 35:29, 27:21);1;Detroit Pistons;Brooklyn Nets;06 Apr 2011;116;109;2010-2011
845;Detroit Pistons - Brooklyn Nets;Unibet;-333;+260;Wednesday, 06 Apr 2011, 23:30;Final result 116:109 (32:28, 22:31, 35:29, 27:21);1;Detroit Pistons;Brooklyn Nets;06 Apr 2011;116;109;2010-2011
846;Detroit Pistons - Brooklyn Nets;William Hill;-323;+260;Wednesday, 06 Apr 2011, 23:30;Final result 116:109 (32:28, 22:31, 35:29, 27:21);1;Detroit Pistons;Brooklyn Nets;06 Apr 2011;116;109;2010-2011
870;Los Angeles Lakers - Utah Jazz;bet-at-home;-2000;+900;Wednesday, 06 Apr 2011, 02:30;Final result 85:86 (24:20, 16:14, 17:23, 28:29);1;Los Angeles Lakers;Utah Jazz;06 Apr 2011; 85;86 ;2010-2011
871;Los Angeles Lakers - Utah Jazz;bet365;-2500;+1150;Wednesday, 06 Apr 2011, 02:30;Final result 85:86 (24:20, 16:14, 17:23, 28:29);1;Los Angeles Lakers;Utah Jazz;06 Apr 2011; 85;86 ;2010-2011
872;Los Angeles Lakers - Utah Jazz;bwin;-2500;+1100;Wednesday, 06 Apr 2011, 02:30;Final result 85:86 (24:20, 16:14, 17:23, 28:29);1;Los Angeles Lakers;Utah Jazz;06 Apr 2011; 85;86 ;2010-2011
873;Los Angeles Lakers - Utah Jazz;Pinnacle;-2000;+1200;Wednesday, 06 Apr 2011, 02:30;Final result 85:86 (24:20, 16:14, 17:23, 28:29);1;Los Angeles Lakers;Utah Jazz;06 Apr 2011; 85;86 ;2010-2011
874;Los Angeles Lakers - Utah Jazz;Unibet;-2500;+1050;Wednesday, 06 Apr 2011, 02:30;Final result 85:86 (24:20, 16:14, 17:23, 28:29);1;Los Angeles Lakers;Utah Jazz;06 Apr 2011; 85;86 ;2010-2011
875;Los Angeles Lakers - Utah Jazz;William Hill;-2000;+1000;Wednesday, 06 Apr 2011, 02:30;Final result 85:86 (24:20, 16:14, 17:23, 28:29);1;Los Angeles Lakers;Utah Jazz;06 Apr 2011; 85;86 ;2010-2011
899;Portland Trail Blazers - Golden State Warriors;bet-at-home;-833;+525;Wednesday, 06 Apr 2011, 02:00;Final result 87:108 (19:19, 28:28, 21:37, 19:24);1;Portland Trail Blazers;Golden State Warriors;06 Apr 2011; 87;108;2010-2011
900;Portland Trail Blazers - Golden State Warriors;bet365;-714;+475;Wednesday, 06 Apr 2011, 02:00;Final result 87:108 (19:19, 28:28, 21:37, 19:24);1;Portland Trail Blazers;Golden State Warriors;06 Apr 2011; 87;108;2010-2011
901;Portland Trail Blazers - Golden State Warriors;bwin;-833;+550;Wednesday, 06 Apr 2011, 02:00;Final result 87:108 (19:19, 28:28, 21:37, 19:24);1;Portland Trail Blazers;Golden State Warriors;06 Apr 2011; 87;108;2010-2011
902;Portland Trail Blazers - Golden State Warriors;Pinnacle;-667;+530;Wednesday, 06 Apr 2011, 02:00;Final result 87:108 (19:19, 28:28, 21:37, 19:24);1;Portland Trail Blazers;Golden State Warriors;06 Apr 2011; 87;108;2010-2011
903;Portland Trail Blazers - Golden State Warriors;Unibet;-833;+515;Wednesday, 06 Apr 2011, 02:00;Final result 87:108 (19:19, 28:28, 21:37, 19:24);1;Portland Trail Blazers;Golden State Warriors;06 Apr 2011; 87;108;2010-2011
904;Portland Trail Blazers - Golden State Warriors;William Hill;-714;+450;Wednesday, 06 Apr 2011, 02:00;Final result 87:108 (19:19, 28:28, 21:37, 19:24);1;Portland Trail Blazers;Golden State Warriors;06 Apr 2011; 87;108;2010-2011
928;Denver Nuggets - Oklahoma City Thunder;bet-at-home;-182;+140;Wednesday, 06 Apr 2011, 01:00;Final result 94:101 (16:27, 31:21, 20:21, 27:32);1;Denver Nuggets;Oklahoma City Thunder;06 Apr 2011; 94;101;2010-2011
929;Denver Nuggets - Oklahoma City Thunder;bet365;-200;+170;Wednesday, 06 Apr 2011, 01:00;Final result 94:101 (16:27, 31:21, 20:21, 27:32);1;Denver Nuggets;Oklahoma City Thunder;06 Apr 2011; 94;101;2010-2011
930;Denver Nuggets - Oklahoma City Thunder;bwin;-196;+160;Wednesday, 06 Apr 2011, 01:00;Final result 94:101 (16:27, 31:21, 20:21, 27:32);1;Denver Nuggets;Oklahoma City Thunder;06 Apr 2011; 94;101;2010-2011
931;Denver Nuggets - Oklahoma City Thunder;Pinnacle;-189;+171;Wednesday, 06 Apr 2011, 01:00;Final result 94:101 (16:27, 31:21, 20:21, 27:32);1;Denver Nuggets;Oklahoma City Thunder;06 Apr 2011; 94;101;2010-2011
932;Denver Nuggets - Oklahoma City Thunder;Unibet;-189;+154;Wednesday, 06 Apr 2011, 01:00;Final result 94:101 (16:27, 31:21, 20:21, 27:32);1;Denver Nuggets;Oklahoma City Thunder;06 Apr 2011; 94;101;2010-2011
933;Denver Nuggets - Oklahoma City Thunder;William Hill;-175;+154;Wednesday, 06 Apr 2011, 01:00;Final result 94:101 (16:27, 31:21, 20:21, 27:32);1;Denver Nuggets;Oklahoma City Thunder;06 Apr 2011; 94;101;2010-2011
957;Houston Rockets - Sacramento Kings;bet-at-home;-500;+350;Wednesday, 06 Apr 2011, 00:30;Final result 101:104 (28:24, 18:28, 28:24, 27:28);1;Houston Rockets;Sacramento Kings;06 Apr 2011;101;104;2010-2011
958;Houston Rockets - Sacramento Kings;bet365;-455;+350;Wednesday, 06 Apr 2011, 00:30;Final result 101:104 (28:24, 18:28, 28:24, 27:28);1;Houston Rockets;Sacramento Kings;06 Apr 2011;101;104;2010-2011
959;Houston Rockets - Sacramento Kings;bwin;-500;+370;Wednesday, 06 Apr 2011, 00:30;Final result 101:104 (28:24, 18:28, 28:24, 27:28);1;Houston Rockets;Sacramento Kings;06 Apr 2011;101;104;2010-2011
960;Houston Rockets - Sacramento Kings;Pinnacle;-435;+376;Wednesday, 06 Apr 2011, 00:30;Final result 101:104 (28:24, 18:28, 28:24, 27:28);1;Houston Rockets;Sacramento Kings;06 Apr 2011;101;104;2010-2011
961;Houston Rockets - Sacramento Kings;Unibet;-500;+365;Wednesday, 06 Apr 2011, 00:30;Final result 101:104 (28:24, 18:28, 28:24, 27:28);1;Houston Rockets;Sacramento Kings;06 Apr 2011;101;104;2010-2011
962;Houston Rockets - Sacramento Kings;William Hill;-455;+325;Wednesday, 06 Apr 2011, 00:30;Final result 101:104 (28:24, 18:28, 28:24, 27:28);1;Houston Rockets;Sacramento Kings;06 Apr 2011;101;104;2010-2011
986;Chicago Bulls - Phoenix Suns;Unibet;-833;+1300;Wednesday, 06 Apr 2011, 00:00;Final result 97:94 (25:24, 28:16, 28:30, 16:24);1;Chicago Bulls;Phoenix Suns;06 Apr 2011; 97;94 ;2010-2011
1015;Memphis Grizzlies - Los Angeles Clippers;bet-at-home;-588;+400;Wednesday, 06 Apr 2011, 00:00;Final result 81:82 (23:18, 20:21, 25:20, 13:23);1;Memphis Grizzlies;Los Angeles Clippers;06 Apr 2011; 81;82 ;2010-2011
1016;Memphis Grizzlies - Los Angeles Clippers;bet365;-526;+400;Wednesday, 06 Apr 2011, 00:00;Final result 81:82 (23:18, 20:21, 25:20, 13:23);1;Memphis Grizzlies;Los Angeles Clippers;06 Apr 2011; 81;82 ;2010-2011
1017;Memphis Grizzlies - Los Angeles Clippers;bwin;-455;+340;Wednesday, 06 Apr 2011, 00:00;Final result 81:82 (23:18, 20:21, 25:20, 13:23);1;Memphis Grizzlies;Los Angeles Clippers;06 Apr 2011; 81;82 ;2010-2011
1018;Memphis Grizzlies - Los Angeles Clippers;Pinnacle;-476;+408;Wednesday, 06 Apr 2011, 00:00;Final result 81:82 (23:18, 20:21, 25:20, 13:23);1;Memphis Grizzlies;Los Angeles Clippers;06 Apr 2011; 81;82 ;2010-2011
1019;Memphis Grizzlies - Los Angeles Clippers;Unibet;-556;+400;Wednesday, 06 Apr 2011, 00:00;Final result 81:82 (23:18, 20:21, 25:20, 13:23);1;Memphis Grizzlies;Los Angeles Clippers;06 Apr 2011; 81;82 ;2010-2011
1020;Memphis Grizzlies - Los Angeles Clippers;William Hill;-556;+375;Wednesday, 06 Apr 2011, 00:00;Final result 81:82 (23:18, 20:21, 25:20, 13:23);1;Memphis Grizzlies;Los Angeles Clippers;06 Apr 2011; 81;82 ;2010-2011
1044;Boston Celtics - Philadelphia 76ers;bet-at-home;-286;+210;Tuesday, 05 Apr 2011, 23:30;Final result 99:82 (24:26, 30:24, 21:15, 24:17);1;Boston Celtics;Philadelphia 76ers;05 Apr 2011; 99;82 ;2010-2011
1045;Boston Celtics - Philadelphia 76ers;bet365;-270;+220;Tuesday, 05 Apr 2011, 23:30;Final result 99:82 (24:26, 30:24, 21:15, 24:17);1;Boston Celtics;Philadelphia 76ers;05 Apr 2011; 99;82 ;2010-2011
1046;Boston Celtics - Philadelphia 76ers;bwin;-278;+220;Tuesday, 05 Apr 2011, 23:30;Final result 99:82 (24:26, 30:24, 21:15, 24:17);1;Boston Celtics;Philadelphia 76ers;05 Apr 2011; 99;82 ;2010-2011
1047;Boston Celtics - Philadelphia 76ers;Pinnacle;-244;+218;Tuesday, 05 Apr 2011, 23:30;Final result 99:82 (24:26, 30:24, 21:15, 24:17);1;Boston Celtics;Philadelphia 76ers;05 Apr 2011; 99;82 ;2010-2011
1048;Boston Celtics - Philadelphia 76ers;Unibet;-286;+225;Tuesday, 05 Apr 2011, 23:30;Final result 99:82 (24:26, 30:24, 21:15, 24:17);1;Boston Celtics;Philadelphia 76ers;05 Apr 2011; 99;82 ;2010-2011
1049;Boston Celtics - Philadelphia 76ers;William Hill;-263;+220;Tuesday, 05 Apr 2011, 23:30;Final result 99:82 (24:26, 30:24, 21:15, 24:17);1;Boston Celtics;Philadelphia 76ers;05 Apr 2011; 99;82 ;2010-2011
1073;New York Knicks - Toronto Raptors;bet-at-home;-588;+400;Tuesday, 05 Apr 2011, 23:30;Final result 131:118 (39:26, 39:28, 21:28, 32:36);1;New York Knicks;Toronto Raptors;05 Apr 2011;131;118;2010-2011
1074;New York Knicks - Toronto Raptors;bet365;-526;+400;Tuesday, 05 Apr 2011, 23:30;Final result 131:118 (39:26, 39:28, 21:28, 32:36);1;New York Knicks;Toronto Raptors;05 Apr 2011;131;118;2010-2011
1075;New York Knicks - Toronto Raptors;bwin;-588;+425;Tuesday, 05 Apr 2011, 23:30;Final result 131:118 (39:26, 39:28, 21:28, 32:36);1;New York Knicks;Toronto Raptors;05 Apr 2011;131;118;2010-2011
1076;New York Knicks - Toronto Raptors;Pinnacle;-476;+404;Tuesday, 05 Apr 2011, 23:30;Final result 131:118 (39:26, 39:28, 21:28, 32:36);1;New York Knicks;Toronto Raptors;05 Apr 2011;131;118;2010-2011
1077;New York Knicks - Toronto Raptors;Unibet;-556;+400;Tuesday, 05 Apr 2011, 23:30;Final result 131:118 (39:26, 39:28, 21:28, 32:36);1;New York Knicks;Toronto Raptors;05 Apr 2011;131;118;2010-2011
1078;New York Knicks - Toronto Raptors;William Hill;-556;+375;Tuesday, 05 Apr 2011, 23:30;Final result 131:118 (39:26, 39:28, 21:28, 32:36);1;New York Knicks;Toronto Raptors;05 Apr 2011;131;118;2010-2011
1102;Atlanta Hawks - San Antonio Spurs;bet-at-home;+170;-222;Tuesday, 05 Apr 2011, 23:00;Final result 90:97 (21:16, 25:27, 19:23, 25:31);1;Atlanta Hawks;San Antonio Spurs;05 Apr 2011; 90;97 ;2010-2011
1103;Atlanta Hawks - San Antonio Spurs;bet365;+190;-233;Tuesday, 05 Apr 2011, 23:00;Final result 90:97 (21:16, 25:27, 19:23, 25:31);1;Atlanta Hawks;San Antonio Spurs;05 Apr 2011; 90;97 ;2010-2011
1104;Atlanta Hawks - San Antonio Spurs;bwin;+190;-233;Tuesday, 05 Apr 2011, 23:00;Final result 90:97 (21:16, 25:27, 19:23, 25:31);1;Atlanta Hawks;San Antonio Spurs;05 Apr 2011; 90;97 ;2010-2011
1105;Atlanta Hawks - San Antonio Spurs;Pinnacle;+193;-217;Tuesday, 05 Apr 2011, 23:00;Final result 90:97 (21:16, 25:27, 19:23, 25:31);1;Atlanta Hawks;San Antonio Spurs;05 Apr 2011; 90;97 ;2010-2011
1106;Atlanta Hawks - San Antonio Spurs;Unibet;+187;-233;Tuesday, 05 Apr 2011, 23:00;Final result 90:97 (21:16, 25:27, 19:23, 25:31);1;Atlanta Hawks;San Antonio Spurs;05 Apr 2011; 90;97 ;2010-2011
1107;Atlanta Hawks - San Antonio Spurs;William Hill;+179;-222;Tuesday, 05 Apr 2011, 23:00;Final result 90:97 (21:16, 25:27, 19:23, 25:31);1;Atlanta Hawks;San Antonio Spurs;05 Apr 2011; 90;97 ;2010-2011
1131;Brooklyn Nets - Minnesota Timberwolves;bet-at-home;-250;+185;Tuesday, 05 Apr 2011, 23:00;Final result 107:105 (29:23, 32:27, 24:25, 22:30);1;Brooklyn Nets;Minnesota Timberwolves;05 Apr 2011;107;105;2010-2011
1132;Brooklyn Nets - Minnesota Timberwolves;bet365;-233;+190;Tuesday, 05 Apr 2011, 23:00;Final result 107:105 (29:23, 32:27, 24:25, 22:30);1;Brooklyn Nets;Minnesota Timberwolves;05 Apr 2011;107;105;2010-2011
1133;Brooklyn Nets - Minnesota Timberwolves;bwin;-233;+190;Tuesday, 05 Apr 2011, 23:00;Final result 107:105 (29:23, 32:27, 24:25, 22:30);1;Brooklyn Nets;Minnesota Timberwolves;05 Apr 2011;107;105;2010-2011
1134;Brooklyn Nets - Minnesota Timberwolves;Pinnacle;-217;+195;Tuesday, 05 Apr 2011, 23:00;Final result 107:105 (29:23, 32:27, 24:25, 22:30);1;Brooklyn Nets;Minnesota Timberwolves;05 Apr 2011;107;105;2010-2011
1135;Brooklyn Nets - Minnesota Timberwolves;Unibet;-227;+183;Tuesday, 05 Apr 2011, 23:00;Final result 107:105 (29:23, 32:27, 24:25, 22:30);1;Brooklyn Nets;Minnesota Timberwolves;05 Apr 2011;107;105;2010-2011
1136;Brooklyn Nets - Minnesota Timberwolves;William Hill;-222;+179;Tuesday, 05 Apr 2011, 23:00;Final result 107:105 (29:23, 32:27, 24:25, 22:30);1;Brooklyn Nets;Minnesota Timberwolves;05 Apr 2011;107;105;2010-2011
1160;Cleveland Cavaliers - Charlotte Hornets;bet-at-home;-118;-118;Tuesday, 05 Apr 2011, 23:00;Final result 99:89 (34:16, 21:22, 19:28, 25:23);1;Cleveland Cavaliers;Charlotte Hornets;05 Apr 2011; 99;89 ;2010-2011
1161;Cleveland Cavaliers - Charlotte Hornets;bet365;-111;-111;Tuesday, 05 Apr 2011, 23:00;Final result 99:89 (34:16, 21:22, 19:28, 25:23);1;Cleveland Cavaliers;Charlotte Hornets;05 Apr 2011; 99;89 ;2010-2011
1162;Cleveland Cavaliers - Charlotte Hornets;bwin;-105;-115;Tuesday, 05 Apr 2011, 23:00;Final result 99:89 (34:16, 21:22, 19:28, 25:23);1;Cleveland Cavaliers;Charlotte Hornets;05 Apr 2011; 99;89 ;2010-2011
1163;Cleveland Cavaliers - Charlotte Hornets;Pinnacle;-105;-105;Tuesday, 05 Apr 2011, 23:00;Final result 99:89 (34:16, 21:22, 19:28, 25:23);1;Cleveland Cavaliers;Charlotte Hornets;05 Apr 2011; 99;89 ;2010-2011
1164;Cleveland Cavaliers - Charlotte Hornets;Unibet;-102;-118;Tuesday, 05 Apr 2011, 23:00;Final result 99:89 (34:16, 21:22, 19:28, 25:23);1;Cleveland Cavaliers;Charlotte Hornets;05 Apr 2011; 99;89 ;2010-2011
1165;Cleveland Cavaliers - Charlotte Hornets;William Hill;-105;-115;Tuesday, 05 Apr 2011, 23:00;Final result 99:89 (34:16, 21:22, 19:28, 25:23);1;Cleveland Cavaliers;Charlotte Hornets;05 Apr 2011; 99;89 ;2010-2011
1189;Orlando Magic - Milwaukee Bucks;bet-at-home;-400;+290;Tuesday, 05 Apr 2011, 23:00;Final result 78:72 (26:14, 16:19, 15:22, 21:17);1;Orlando Magic;Milwaukee Bucks;05 Apr 2011; 78;72 ;2010-2011
1190;Orlando Magic - Milwaukee Bucks;bet365;-400;+320;Tuesday, 05 Apr 2011, 23:00;Final result 78:72 (26:14, 16:19, 15:22, 21:17);1;Orlando Magic;Milwaukee Bucks;05 Apr 2011; 78;72 ;2010-2011
1191;Orlando Magic - Milwaukee Bucks;bwin;-400;+309;Tuesday, 05 Apr 2011, 23:00;Final result 78:72 (26:14, 16:19, 15:22, 21:17);1;Orlando Magic;Milwaukee Bucks;05 Apr 2011; 78;72 ;2010-2011
1192;Orlando Magic - Milwaukee Bucks;Pinnacle;-370;+318;Tuesday, 05 Apr 2011, 23:00;Final result 78:72 (26:14, 16:19, 15:22, 21:17);1;Orlando Magic;Milwaukee Bucks;05 Apr 2011; 78;72 ;2010-2011
1193;Orlando Magic - Milwaukee Bucks;Unibet;-417;+315;Tuesday, 05 Apr 2011, 23:00;Final result 78:72 (26:14, 16:19, 15:22, 21:17);1;Orlando Magic;Milwaukee Bucks;05 Apr 2011; 78;72 ;2010-2011
1194;Orlando Magic - Milwaukee Bucks;William Hill;-400;+300;Tuesday, 05 Apr 2011, 23:00;Final result 78:72 (26:14, 16:19, 15:22, 21:17);1;Orlando Magic;Milwaukee Bucks;05 Apr 2011; 78;72 ;2010-2011
